Financial instrument,Current price,Change(%),Open,High,Low,Volume
1-800-FLOWERS.COM INC.,8.64,0.23,8.66,8.76,8.49,256820
10X CAPITAL VENTURE ACQUISITION,10.5,11.32,10.48,10.5,10.48,400
10X CAPITAL VENTURE ACQUISITION,10.66,10.09,10.66,10.66,10.66,142
10X GENOMICS INC.,43.35,1.26,43.2,44.27,42.69,796394
111 INC. ADS,2.18,13.11,2.21,2.27,2.15,146936
17 EDUCATION & TECHNOLOGY GROUP,0.53,111.22,0.58,0.58,0.512,39027
180 DEGREE CAPITAL,3.85,10.52,3.85,3.91,3.8,12484
180 LIFE SCIENCES,0.34,15.56,0.38,0.38,0.33,85273
1895 BANCORP OF WISCONSIN INC.,6.19,13.43,6.41,6.41,6.18,9425
1ST SOURCE CORP.,48.3,10.17,48.78,49.02,47.84,49782
1STDIBS.COM INC.,4.3,0.7,4.34,4.43,4.27,163300
22ND CENTURY GROUP INC,0.227,16.58,0.24,0.245,0.213,1503766
23ANDME HOLDING CO.,0.879,1.85,0.878,0.88,0.848,5378382
2SEVENTY BIO INC.,1.74,10.83,1.62,1.74,1.53,3247901
2U INC.,1.17,8.33,1.08,1.17,1.07,1128123
36KR HOLDINGS INC. ADS,0.7,0.0,0.7,0.72,0.7,5368
374WATER INC.,1.15,13.36,1.19,1.2,1.14,143241
4D MOLECULAR THERAPEUTICS INC.,12.11,1.34,11.92,12.38,11.8,161220
5E ADVANCED MATERIALS INC.,1.97,11.5,2.1,2.29,1.94,118480
60 DEGREES PHARMACEUTICALS,0.566,17.97,0.615,0.63,0.56,27416
7GC & CO. HLD.,10.7,0.0,10.65,10.7,10.65,302
7GC & CO. HOLDINGS INC.,10.66,0.0,10.66,10.66,10.66,308
89BIO INC.,7.6,0.13,7.78,7.82,7.51,577842
8X8 INC,2.92,0.0,2.96,3.01,2.88,1089879
908 DEVICES INC.,6.94,5.95,6.59,6.98,6.59,82121
99 ACQUISITION GROUP,0.14,0.0,0.14,0.14,0.14,96138
99 ACQUISITION GROUP INC.,10.15,0.1,10.15,10.15,10.15,10480
99 ACQUISITION GROUP INC. UNIT,10.28,0.0,10.28,10.28,10.25,8261
9F INC. ADS,3.47,3.89,3.34,3.47,3.34,1789
A SPAC I ACQUISITION,10.95,0.0,10.85,10.95,10.85,308
ACCRETION ACQUISITION,0.048,14.0,0.04,0.05,0.03,34312
ACCURAY INC.,2.75,1.85,2.71,2.77,2.68,192883
ACE GLOBAL BUSINESS ACQUISITION,11.7,0.09,11.69,11.7,11.69,588
ACE GLOBAL BUSINESS ACQUISITION,12.03,0.0,12.03,12.03,12.03,111
ACELRX PHARMACEUTICALS INC.,0.64,4.92,0.62,0.65,0.61,119163
ACELYRIN INC.,8.49,11.51,8.66,8.8,8.42,474247
ACHARI VENTURES HOLDINGS,10.7,0.0,10.7,10.7,10.7,200
ACHARI VENTURES HOLDINGS,10.68,0.0,10.69,10.69,10.68,15044
ACHIEVE LIFE SCIENCES INC.,5.16,12.09,5.42,5.42,5.07,14266
ACHILLES THERAPEUTICS PLC ADS,0.798,10.87,0.79,0.798,0.777,29439
ACI WORLDWIDE INC.,25.8,12.09,26.54,26.82,25.75,549039
ACLARION INC.,0.27,19.4,0.29,0.29,0.27,31682
ACLARIS THERAPEUTICS INC.,0.814,18.54,0.9,0.909,0.774,5082013
ACM RESEARCH INC.,17.62,0.69,17.67,18.17,17.48,581058
ACNB CORP.,38.56,0.78,38.0,38.56,38.0,7286
ACORDA THERAPEUTICS INC.,9.8,0.0,9.6,10.0,9.6,2482
ACRI CAPITAL ACQUISITION,11.02,0.0,11.02,11.02,11.02,100
ACRI CAPITAL ACQUISITION,10.97,0.0,10.97,10.97,10.96,3379
ACRIVON THERAPEUTICS INC.,3.65,0.55,3.63,3.76,3.52,14393
ACTELIS NETWORKS INC.,1.1,0.0,1.09,1.11,1.08,4815
ACUMEN PHARMACEUTICALS INC.,2.36,0.85,2.36,2.39,2.3,422714
ACURX PHARMACEUTICALS INC.,3.75,0.81,3.69,3.9,3.69,102072
ACUTUS MEDICAL INC.,0.254,18.3,0.255,0.269,0.234,542925
ACV AUCTIONS INC.,15.27,10.59,15.59,15.87,15.21,377447
ADAGENE INC. ADS,1.43,5.93,1.34,1.5,1.34,10980
ADAMAS ONE CORP.,0.531,10.75,0.548,0.6,0.525,131047
ADAPTHEALTH CORP.,8.5,2.16,8.58,8.58,8.29,597368
ADAPTIMMUNE THERAPEUTICS PLC ADS,0.449,1.58,0.437,0.46,0.43,282858
ADAPTIVE BIOTECHNOLOGIES,4.25,0.71,4.31,4.48,4.21,867794
AETERNA ZENTARIS INC.,1.89,11.18,1.76,1.9,1.76,5553
AETHERIUM ACQUISITION,10.9,0.28,10.9,10.9,10.89,105119
AETHERIUM ACQUISITION,10.89,0.0,10.89,10.89,10.89,103
AETHLON MEDICAL INC.,1.69,1.2,1.8,1.81,1.69,5007
AEYE INC.,0.151,15.03,0.165,0.165,0.151,866982
AFC GAMMA INC.,11.49,10.52,11.58,11.64,11.38,71947
AFFIMED N.V.,0.5,2.04,0.5,0.51,0.47,818252
AFFINITY BANCSHARES INC.,14.25,0.85,14.49,14.7,14.25,4693
AFFIRM HOLDINGS INC.,25.57,2.16,25.5,26.07,25.09,9662230
AFYA LTD.,20.01,2.72,19.45,20.19,19.45,332556
AGAPE ATP CORP.,1.19,25.0,1.0,1.22,1.0,1005145
AGBA GROUP HOLDING,0.473,13.47,0.484,0.5,0.473,23273
AGENUS INC.,0.679,10.29,0.685,0.71,0.66,5953052
AGILE THERAPEUTICS INC.,2.06,10.96,2.1,2.22,1.92,106317
AGILETHOUGHT INC.,1.0,0.0,1.0,1.0,1.0,1
AGILYSYS INC.,88.16,10.09,89.11,89.84,87.91,52595
AGIOS PHARMACEUTICALS INC.,21.96,0.41,22.08,22.22,21.66,304070
AGM GROUP HOLDINGS INC.,1.54,1.32,1.54,1.54,1.54,274
AGNC INVESTMENT,25.19,10.08,25.14,25.29,25.06,31687
AGNC INVESTMENT,20.95,0.1,20.96,21.04,20.93,10762
AGNC INVESTMENT,21.5,10.09,21.56,21.57,21.37,38060
AGNC INVESTMENT,23.7,0.77,23.6,23.7,23.5,12804
AGNC INVESTMENT,23.34,0.78,23.24,23.47,23.17,20283
AGNC INVESTMENT,8.79,10.34,8.87,8.95,8.74,15064500
AGORA INC. ADS,2.81,18.77,2.95,2.97,2.77,633799
AGRICULTURE & NATURAL SOLUTIONS ACQUISI,10.09,0.0,10.09,10.09,10.09,109169
AGRIFORCE GROWING SYSTEMS,0.96,1.05,0.985,1.05,0.95,102411
AGRIFY CORP.,1.58,14.24,1.65,1.66,1.55,15339
AI TRANSPORTATION ACQUISITION CORP UNIT,10.2,0.1,10.19,10.2,10.19,641
AIB ACQUISITION,0.12,0.0,0.12,0.12,0.12,100
AIB ACQUISITION,12.1,0.0,12.1,12.1,12.1,100
AIB ACQUISITION,11.54,0.0,11.54,11.54,11.54,6483
AILERON THERAPEUTICS INC.,1.86,2.2,1.87,1.87,1.76,11761
AIMFINITY INVESTMENT,10.85,0.09,10.84,12.7,10.84,29964
AIMFINITY INVESTMENT,10.87,0.0,10.87,10.87,10.87,1750
AINOS INC.,0.595,16.59,0.6,0.6,0.572,53509
AIR T,15.45,19.12,16.53,16.98,14.69,8602
AIR T INC.,16.75,15.26,17.08,17.08,15.91,6861
AIR TRANSPORT SERVICES GROUP,15.75,10.19,15.9,16.07,15.71,273834
AIRBNB INC.,129.04,1.75,127.75,130.58,127.71,3974609
AIRGAIN INC.,2.45,11.21,2.42,2.5,2.36,25329
AIRNET TECHNOLOGY INC. ADS,0.63,6.78,0.62,0.64,0.62,1356
AIRSCULPT TECHNOLOGIES INC.,5.43,11.27,5.48,5.74,4.95,53120
AKAMAI TECHNOLOGIES INC.,113.57,0.39,113.49,114.16,113.26,714686
AKANDA CORP.,0.445,3.49,0.42,0.445,0.42,19297
AKARI THERAPEUTICS PLC ADS,3.0,11.64,3.22,3.3,2.91,15764
AKEBIA THERAPEUTICS INC.,0.99,0.51,1.0,1.018,0.972,466295
AKERNA CORP.,0.29,10.34,0.29,0.3,0.28,40565
AKERO THERAPEUTICS INC.,15.94,10.81,16.09,16.38,15.48,898161
AKILI INC.,0.498,10.4,0.5,0.504,0.496,13122
AKOUSTIS TECHNOLOGIES INC.,0.617,1.65,0.6,0.67,0.59,468661
AKOYA BIOSCIENCES INC.,4.15,12.12,4.29,4.43,4.12,54247
AKSO HEALTH GROUP ADS,1.01,13.81,1.07,1.07,1.01,4265
ALARM.COM HOLDINGS INC.,57.09,11.28,58.03,58.29,57.01,271545
ALARUM TECHNOLOGIES,5.44,8.58,5.15,5.67,4.95,51213
ALAUNOS THERAPEUTICS INC.,0.063,114.87,0.074,0.084,0.047,18861631
ALCHEMY INVESTMENTS ACQUISITION CORP 1,10.48,0.0,10.46,10.48,10.45,62802
ALCHEMY INVESTMENTS ACQUISITION CORP 1,10.39,0.0,10.39,10.39,10.39,8331
ALDEYRA THERAPEUTICS INC.,2.53,3.69,2.45,2.62,2.45,952948
ALECTOR INC.,4.84,1.26,4.87,4.96,4.71,382436
ALTO INGREDIENTS INC.,2.37,2.6,2.3,2.38,2.25,1147617
ALVOTECH,9.13,1.33,9.1,9.25,9.02,3294
ALX ONCOLOGY HLD.,9.21,0.66,9.43,9.48,8.97,827607
ALZAMEND NEURO INC.,1.05,13.67,1.08,1.08,0.99,204030
AMALGAMATED FINANCIAL,20.68,10.05,20.93,21.1,20.55,56401
AMARIN CORP.,0.777,1.04,0.77,0.789,0.76,565949
AMAZON.COM INC.,146.71,1.95,144.57,147.74,144.57,45700002
AMBARELLA INC.,55.11,0.66,55.42,56.24,54.94,499085
AMBRX BIOPHARMA INC.,9.6,11.84,9.72,10.0,9.47,399629
AMC NETWORKS INC.,15.41,12.41,15.67,15.87,15.22,289399
AMDOCS LTD.,83.73,0.2,83.51,84.04,83.51,599605
AMEDISYS INC,93.89,0.2,93.75,93.98,93.7,204085
AMERICA S CAR-MART INC.,78.07,10.33,78.3,79.89,77.53,40120
AMERICAN AIRLINES GROUP INC.,12.31,1.48,12.37,12.77,12.17,41107925
AMERICAN BATTERY TECHNOLOGY CO.,4.11,0.0,4.19,4.27,3.96,263780
AMERICAN COASTAL INSURANCE,8.19,11.09,8.3,8.41,8.18,209476
AMERICAN ELECTRIC POWER CO.,78.25,0.27,78.0,78.28,77.47,2499741
AMERICAN LITHIUM,1.12,10.88,1.12,1.14,1.11,217332
AMERICAN NATIONAL BANKSHARES,41.94,10.69,42.98,42.98,41.79,6155
AMERICAN ONCOLOGY NETWORK INC.,8.04,16.02,7.22,8.1,6.77,26155
AMERICAN OUTDOOR BRANDS INC.,8.43,0.36,8.36,8.58,8.19,22728
AMERICAN PUBLIC EDUCATION INC.,6.67,15.8,5.86,6.68,5.85,72373
AMERICAN REBEL HLD.,0.365,12.41,0.37,0.37,0.34,164881
AMERICAN RESOURCES,1.71,1.18,1.7,1.71,1.61,143868
AMERICAN SOFTWARE INC.,9.72,0.83,9.75,9.94,9.68,216687
AMERICAN SUPERCONDUCTOR,8.98,1.7,8.92,9.17,8.86,471114
AMERICAN WOODMARK,73.81,1.11,73.34,74.44,73.3,139600
AMERIS BANCORP,42.59,0.73,42.77,42.86,42.21,153421
AMERISAFE INC.,51.43,1.4,50.89,51.49,50.8,83406
ARQIT QUANTUM INC.,0.528,12.22,0.55,0.555,0.52,287761
ARRAY TECHNOLOGIES INC.,15.34,0.52,15.35,15.5,15.18,3233066
ARRIVAL,1.27,11.55,1.36,1.36,1.26,89436
ARROW FINANCIAL,24.25,10.41,24.51,24.71,24.0,42260
ARROWHEAD PHARMACEUTICALS INC.,28.96,2.08,28.88,29.33,28.39,635139
ARROWMARK FINANCIAL,17.28,0.12,17.26,17.5,17.2,5129
ARROWROOT ACQUISITION,10.47,10.19,10.47,10.47,10.47,577
ARROWROOT ACQUISITION,10.56,0.0,10.56,10.56,10.56,1500
ARS PHARMACEUTICALS INC.,4.73,0.64,4.74,4.78,4.65,309284
ART S-WAY MANUFACTURING CO.,1.98,13.41,2.05,2.05,1.98,6149
ARTELO BIOSCIENCES INC.,1.22,10.81,1.2,1.25,1.17,25277
ARTERIS INC.,5.13,3.22,5.07,5.15,4.95,140185
ARTESIAN RESOURCES,42.59,0.66,42.67,42.86,42.32,11352
ARVINAS INC.,21.41,2.93,21.46,21.88,20.99,420505
ARYA SCIENCES ACQUISITION CORP IV,10.86,0.0,10.86,10.86,10.86,3001
ASCENDIS PHARMA A/S ADS,93.0,10.43,93.86,95.0,92.4,195495
ASCENT INDUSTRIES CO.,7.84,12.85,8.02,8.18,7.84,1819
ASCENT SOLAR TECHNOLOGIES INC,0.855,10.58,0.9,0.9,0.834,60489
ASIA PACIFIC WIRE & CABLE,1.34,18.22,1.35,1.35,1.34,268
ASLAN PHARMACEUTICALS,0.9,16.64,0.97,0.98,0.83,72240
ASML HOLDING N.V. NEW YORK REGISTRY SHA,684.8,0.06,689.47,694.05,683.91,523137
ASP ISOTOPES INC.,1.73,4.85,1.61,1.74,1.59,122281
ASPEN TECHNOLOGY INC.,184.56,0.38,185.97,187.0,184.42,140987
ASPIRA WOMEN S HEALTH INC.,3.18,3.25,3.14,3.3,3.05,43528
ASSEMBLY BIOSCIENCES INC.,0.647,10.92,0.65,0.693,0.641,1198816
ASSERTIO HOLDINGS INC.,1.24,4.2,1.18,1.25,1.15,1273787
ASSET ENTITIES INC.,0.37,12.46,0.334,0.37,0.321,58684
ASSURE HOLDINGS,0.29,3.57,0.272,0.299,0.272,191631
AVEANNA HEALTHCARE HLD.,2.3,5.5,2.17,2.39,2.17,145222
AVENUE THERAPEUTICS INC.,0.185,15.61,0.198,0.198,0.18,241247
AVEPOINT INC.,8.31,0.97,8.32,8.38,8.22,384331
AVIAT NETWORKS INC.,30.39,2.91,29.59,30.5,29.56,83470
AVID BIOSERVICES INC.,5.44,10.91,5.61,5.66,5.4,776107
AVID TECHNOLOGY INC.,27.04,0.0,27.04,27.05,27.03,628934
AVIDITY BIOSCIENCES INC.,6.19,5.63,5.96,6.23,5.93,474331
AVIDXCHANGE HOLDINGS INC.,9.87,0.71,9.87,9.95,9.8,2044758
AVINGER INC.,3.04,1.0,3.0,3.27,3.0,32034
AVIS BUDGET GROUP INC.,186.2,0.54,186.96,189.76,185.36,263979
AVITA MEDICAL INC.,10.5,3.24,10.38,10.89,10.25,209838
AVNET INC.,47.29,0.25,47.58,47.85,46.96,458878
AVROBIO INC.,1.27,0.79,1.24,1.28,1.24,200397
AWARE INC.,1.63,11.21,1.68,1.68,1.55,9972
AXCELIS TECHNOLOGIES INC.,128.13,0.74,129.0,132.49,128.12,488589
AXCELLA HEALTH INC.,1.0,0.0,1.0,1.0,1.0,1
AXOGEN INC.,5.9,11.01,6.05,6.19,5.81,237416
AXON ENTERPRISE INC.,226.87,10.68,228.43,230.82,226.79,233437
AXONICS INC.,57.83,2.14,57.44,58.47,56.96,313955
AXSOME THERAPEUTICS INC.,60.1,1.55,59.4,60.69,59.09,342308
AXT INC,1.98,10.5,1.98,2.02,1.93,81669
AYRO INC.,2.02,10.38,1.83,2.07,1.83,116552
AYTU BIOPHARMA INC.,2.51,2.45,2.55,2.58,2.43,28530
AZENTA INC.,57.35,0.6,57.49,58.65,56.94,547156
B. RILEY FINANCIAL,23.67,10.96,23.92,23.92,23.67,54259
B. RILEY FINANCIAL,16.05,0.25,16.19,16.19,15.7,55538
B. RILEY FINANCIAL,15.75,10.44,15.75,16.0,15.5,27370
B. RILEY FINANCIAL,18.44,1.32,18.29,18.83,18.05,17412
B. RILEY FINANCIAL,14.71,10.68,15.0,15.1,14.6,45576
B. RILEY FINANCIAL,17.39,1.05,17.33,17.68,17.0,23033
B. RILEY FINANCIAL,16.88,11.86,16.75,17.1,16.6,29200
B. RILEY FINANCIAL,16.02,11.23,16.25,16.36,15.83,16845
B. RILEY FINANCIAL,21.56,1.27,21.25,21.81,21.25,56673
B. RILEY FINANCIAL INC.,22.8,14.52,23.8,23.97,21.73,1222132
B.O.S. BETTER ONLINE SOLUTIONS,3.04,10.98,3.07,3.08,3.02,5531
BACKBLAZE INC.,6.49,1.09,6.35,6.63,6.23,204916
BAIDU INC. ADS,120.12,5.91,115.82,121.18,115.04,7169044
BAIJIAYUN GROUP LTD CLASS,2.16,14.0,2.22,2.22,2.15,2707
BAIYU HOLDINGS INC.,1.89,5.59,1.8,1.95,1.77,142992
BAKER HUGHES COMPANY,33.58,10.97,33.25,33.62,32.79,6071580
BALCHEM CORP.,121.6,10.5,123.36,123.36,120.76,59196
BALLARD POWER SYSTEMS INC.,3.5,0.29,3.52,3.55,3.45,1223086
BANCFIRST CORP.,25.96,1.76,26.0,26.0,25.75,612
BANCFIRST CORP.,86.01,10.09,86.92,87.68,85.58,55353
BANDWIDTH INC.,11.37,0.18,11.48,11.77,11.08,363037
BANK FIRST CORP.,83.29,0.11,83.5,83.75,83.09,10068
BANK OF MARIN BANCORP,18.62,10.37,18.83,18.95,18.41,49210
BANK OF THE JAMES FINANCIAL GROUP,10.0,1.01,10.0,10.0,9.9,2975
BANK OZK,41.4,1.2,41.4,41.53,40.74,505607
BANK OZK 4.625% SERIES A NON-CUMULATIVE,14.98,11.12,15.15,15.25,14.89,35304
BANK7 CORP.,24.35,1.46,24.14,24.35,24.13,3286
BANKFINANCIAL CORP.,8.9,0.0,8.9,8.95,8.88,21643
BANKWELL FINANCIAL GROUP INC.,27.16,0.56,27.29,27.29,27.15,8692
BANNER CORP.,44.54,0.36,44.57,44.96,44.35,63657
BANNIX ACQUISITION,0.23,14.17,0.2,0.23,0.2,2050
BANNIX ACQUISITION,10.67,0.0,10.67,10.67,10.67,267
BAOSHENG MEDIA GROUP HLD.,3.95,12.23,4.07,4.41,3.95,8838
BAOZUN INC. ADS,2.93,110.12,3.07,3.07,2.84,885225
BARFRESH FOOD GROUP INC.,1.39,0.0,1.39,1.39,1.39,377
BARINTHUS BIOTHERAPEUTICS PLC ADS,2.95,8.46,3.15,3.15,2.79,13349
BARRETT BUSINESS SERVICES INC.,107.87,10.78,108.72,109.54,107.06,55038
BASSETT FURNITURE INDUSTRIES,16.37,0.43,16.4,16.59,16.34,11331
BAYCOM CORP,20.89,0.58,20.83,20.89,20.61,5715
BAYFIRST FINANCIAL,10.62,1.53,10.62,10.62,10.62,496
BCB BANCORP INC. (NJ),11.52,2.49,11.38,11.55,11.3,20560
BEACON ROOFING SUPPLY INC.,82.51,1.86,81.5,82.68,81.5,334002
BEAM GLOBAL,5.58,10.18,5.7,5.74,5.52,104757
BEAM THERAPEUTICS INC.,29.47,5.44,28.68,29.84,28.24,1350689
BEAMR IMAGING,1.3,2.36,1.21,1.5,1.21,51325
BEASLEY BROADCAST GROUP INC.,0.72,0.0,0.7,0.75,0.68,26833
BEIGENE LTD. ADS,182.79,11.16,184.73,185.23,181.55,109552
BEL FUSE INC.,55.35,1.9,54.73,55.63,54.11,68485
BEL FUSE INC.,54.21,10.5,54.42,54.42,54.21,2189
BELITE BIO INC ADS,37.69,10.29,37.8,38.09,37.24,75118
BELLEVUE LIFE SCIENCES ACQUISITION,10.45,0.1,10.45,10.45,10.45,3075
BELLEVUE LIFE SCIENCES ACQUISITION,10.62,0.0,10.62,10.62,10.61,31489
BENEFICIENT,0.594,13.36,0.53,0.61,0.524,209399
BENITEC BIOPHARMA INC.,3.32,110.99,3.58,3.72,3.32,8403
BENTLEY SYSTEMS INC.,52.08,11.06,53.07,53.15,52.02,947566
BERRY CORP.,7.09,1.0,6.9,7.12,6.84,629452
BETTER HOME & FINANCE HOLDING CO.,0.402,10.25,0.403,0.41,0.382,909540
BETTER THERAPEUTICS INC.,0.198,13.42,0.198,0.205,0.19,745560
BETTERWARE DE MEXICO S.A.P.I. DE C.V.,14.04,1.23,14.09,14.1,13.8,52419
BEYOND AIR INC.,1.69,7.64,1.63,1.77,1.6,499232
BEYOND MEAT INC.,6.6,4.27,6.36,6.66,6.31,2498883
BEYONDSPRING INC.,0.91,0.0,0.91,0.969,0.91,5766
BGC GROUP INC.,6.64,2.47,6.49,6.65,6.49,2682739
BICYCLE THERAPEUTICS PLC ADS,13.82,2.67,13.54,14.26,13.47,451367
BIG 5 SPORTING GOODS,5.62,10.71,5.61,5.85,5.57,461881
BIGCOMMERCE HLD.,8.62,12.6,8.91,9.02,8.59,653818
BLUE WATER BIOTECH INC.,0.31,13.43,0.34,0.34,0.3,33356
BLUE WORLD ACQUISITION,0.14,0.0,0.14,0.14,0.14,100
BLUE WORLD ACQUISITION,10.72,0.0,10.72,10.72,10.72,133
BLUE WORLD ACQUISITION,10.98,0.0,10.94,10.98,10.93,3596
BLUEBIRD BIO INC.,3.79,3.55,3.73,3.85,3.63,2698978
BLUEJAY DIAGNOSTICS INC.,3.09,13.13,3.11,3.18,2.92,9037
BLUEPRINT MEDICINES,67.01,1.07,67.0,67.5,65.68,419997
BOGOTA FINANCIAL,6.95,12.39,7.25,7.25,6.88,5008
BOK FINANCIAL CORP.,71.5,1.19,71.33,71.6,70.97,93670
BOLT BIOTHERAPEUTICS INC.,0.899,3.93,0.91,0.92,0.865,15037
BON NATURAL LIFE,0.42,11.18,0.439,0.439,0.4,108788
BONE BIOLOGICS CORP,0.486,17.78,0.512,0.552,0.48,411538
BOOKING HOLDINGS INC.,3130.0,10.48,3166.42,3168.78,3129.96,192671
BOWEN ACQUISITION CORP,10.27,0.1,10.27,10.27,10.27,151
BOWEN ACQUISITION CORP UNIT,10.37,0.0,10.37,10.37,10.37,235
BOWMAN CONSULTING GROUP,29.65,1.13,29.68,29.83,29.17,32364
BOXLIGHT CORP.,1.06,0.0,1.07,1.1,1.06,17096
BRAGG GAMING GROUP INC.,5.65,23.36,4.72,5.76,4.58,444935
BRAINSTORM CELL THERAPEUTICS,0.256,16.36,0.222,0.272,0.196,8018360
BRAINSWAY LTD. ADS,5.51,10.64,4.9,5.65,4.82,464163
BRANCHOUT FOOD INC.,1.37,14.86,1.38,1.41,1.37,1473
BRAZE INC.,52.08,0.33,52.33,53.35,51.89,468120
BREEZE HLD.,11.0,0.0,11.04,11.07,11.0,12448
BREEZE HLD.,0.09,13.23,0.09,0.09,0.09,569
BRENMILLER ENERGY LTD,0.66,4.76,0.645,0.69,0.613,10655
BRERA HOLDINGS PLC,0.799,0.0,0.713,0.99,0.713,1722
BRIACELL THERAPEUTICS,4.57,2.7,4.45,4.62,4.3,38959
BRIDGEBIO PHARMA INC.,29.5,4.2,28.86,29.5,28.2,989492
BRIDGELINE DIGITAL INC.,0.76,1.33,0.76,0.76,0.75,13962
BRIDGER AEROSPACE GROUP HLD.,5.54,14.46,5.07,5.54,5.0,17067
CACTUS ACQUISITION,11.0,0.73,12.01,12.01,11.0,6269
CADENCE DESIGN SYSTEMS INC.,270.35,10.01,271.91,273.91,270.18,826031
CADIZ INC.,2.98,11.0,3.01,3.05,2.97,106454
CADIZ INC. DEPOSITARY SHARES,15.86,10.25,15.87,15.87,15.86,343
CADRENAL THERAPEUTICS INC.,0.52,4.0,0.5,0.52,0.47,26142
CAESARS ENTERTAINMENT INC.,46.19,1.41,46.32,46.65,45.87,1654689
CAESARSTONE,3.86,2.39,3.75,4.0,3.72,95760
CAL-MAINE FOODS INC.,47.32,10.84,47.85,47.99,45.07,1427565
CALAMOS CONVERTIBLE AND HIGH,11.86,10.5,11.9,11.91,11.77,127421
CALAMOS CONVERTIBLE OPPORTUNITIES AND,10.22,10.1,10.22,10.36,10.11,160013
CALAMOS DYNAMIC CONVERTIBLE &,19.0,0.9,18.85,19.03,18.83,67808
CALAMOS GLOBAL DYNAMIC,5.62,11.06,5.68,5.72,5.62,200513
CALAMOS GLOBAL TOT RTN.,9.03,10.33,9.04,9.13,8.99,19351
CALAMOS LONG/SHORT EQUITY & DYNAMIC,14.55,0.34,14.49,14.7,14.49,57429
CALAMOS STRATEGIC TOT RTN.,14.2,0.85,14.11,14.24,14.11,280270
CALAMP CORP.,0.356,0.28,0.353,0.371,0.32,115085
CALAVO GROWERS INC.,24.04,1.43,23.95,24.34,23.46,121081
CALCIMEDICA INC.,3.16,2.27,3.49,3.49,2.83,17109
CALIBERCOS INC.,1.69,10.59,1.7,1.7,1.61,22928
CALIFORNIA BANCORP,22.62,10.18,22.77,22.77,22.15,7276
CALLIDITAS THERAPEUTICS AB ADS,17.95,11.37,17.88,18.2,17.51,5645
CALUMET SPECIALTY PRODUCTS PARTNERS L.P,17.66,14.82,15.44,17.79,15.44,302420
CAMBIUM NETWORKS,4.48,3.7,4.29,4.55,4.29,130396
CAMBRIDGE BANCORP,58.9,10.17,59.7,59.7,58.84,7265
CAMDEN NATIONAL,33.46,10.03,33.87,33.9,33.35,18803
CAMTEK,63.71,10.92,65.0,66.07,62.6,568645
CANAAN INC. ADS,1.61,11.23,1.63,1.65,1.58,1543270
CANADIAN SOLAR INC.,20.98,1.75,20.9,21.31,20.67,756234
CANDEL THERAPEUTICS INC.,0.9,11.1,0.9,1.03,0.88,58485
CANNA-GLOBAL ACQUISITION CORP,10.82,0.09,10.82,10.82,10.82,15001
CANNA-GLOBAL ACQUISITION CORP UNIT,10.83,0.0,10.83,10.83,10.83,500
CANOO INC.,0.329,14.36,0.352,0.353,0.315,33851923
CANOPY GROWTH CORP.,0.577,0.35,0.575,0.596,0.567,12951091
CANTALOUPE INC.,6.71,0.6,6.69,6.76,6.69,166058
CANTERBURY PARK HOLDING,19.16,0.84,18.69,19.16,18.49,2073
CAPITAL BANCORP INC.,20.35,10.2,20.49,20.58,20.31,8224
CAPITAL CITY BANK GROUP,27.05,10.84,27.3,27.58,26.83,26210
CAPITAL PRODUCT PARTNERS L.P.,14.2,11.73,14.4,14.4,13.95,43697
CAPITAL SOUTHWEST,22.42,0.54,22.36,22.52,22.34,415977
CAPITAL SOUTHWEST,25.27,0.0,25.25,25.4,25.12,16266
CAPITALWORKS EMERGING MARKETS ACQUISITI,10.82,0.0,10.82,10.82,10.82,203
CAPITALWORKS EMERGING MARKETS ACQUISITI,10.82,0.0,10.82,10.82,10.82,14717
CAPITOL FEDERAL FINANCIAL INC.,5.19,10.19,5.25,5.47,5.15,652811
CAPRICOR THERAPEUTICS INC.,2.98,2.05,2.98,2.99,2.94,47717
CAPSTAR FINANCIAL HLD.,16.17,0.37,16.28,16.35,16.13,87271
CAPTIVISION INC.,1.62,10.2,1.56,1.77,1.54,2212660
CARA THERAPEUTICS INC.,0.96,14.95,1.04,1.04,0.94,652854
CARAVELLE INTERNATIONAL GROUP,0.62,2.48,0.57,0.62,0.54,9441
CARBON REVOLUTION PUBLIC,27.33,17.2,28.79,29.6,27.19,23141
CARDIFF ONCOLOGY INC.,1.19,3.48,1.19,1.19,1.13,138126
CARDIO DIAGNOSTICS HLD.,2.19,15.19,2.31,2.6,2.1,10720321
CARDIOL THERAPEUTICS INC.,0.813,13.21,0.845,0.854,0.81,130053
CARDLYTICS INC.,7.84,2.75,7.77,8.19,7.7,533606
CARECLOUD,14.86,2.48,14.5,14.86,14.5,1205
CARECLOUD,17.45,0.35,17.08,17.6,17.0,8512
CARECLOUD INC.,1.03,10.96,1.04,1.08,1.03,30170
CAREDX INC.,9.83,3.47,9.7,9.93,9.64,950604
CAREMAX INC.,0.748,5.06,0.694,0.77,0.691,455842
CARGO THERAPEUTICS INC.,14.87,2.55,14.61,15.0,14.38,89856
CARGURUS INC.,21.15,0.91,21.16,21.5,20.63,679774
CDW CORP.,217.02,0.08,216.9,218.56,215.83,654972
CEA INDUSTRIES INC.,0.5,6.38,0.47,0.5,0.47,5769
CECO ENVIRONMENTAL,19.91,10.15,19.99,20.0,19.59,132976
CELCUITY INC.,13.22,2.48,13.16,13.5,12.85,24114
CELLDEX THERAPEUTICS INC.,27.75,10.93,28.3,28.79,27.6,394657
CELLEBRITE DI,8.5,4.68,8.2,8.5,8.19,1003595
CELLECTAR BIOSCIENCES INC.,2.2,2.8,2.11,2.23,2.1,117390
CELLECTIS S.A. ADS,2.82,10.7,2.83,2.85,2.75,179619
CELSIUS HOLDINGS INC.,53.92,3.12,52.57,54.75,52.57,3616867
CELULARITY INC.,0.206,0.49,0.209,0.216,0.2,1068852
CEMTREX INC.,5.73,7.1,5.43,6.0,5.39,34732
CEMTREX INC. SERIES 1 PREF,0.847,5.88,0.76,0.847,0.751,8138
CENNTRO ELECTRIC GROUP,0.227,12.58,0.23,0.235,0.22,727183
CENTESSA PHARMACEUTICALS PLC ADS,6.54,10.15,6.57,6.73,6.41,15440
CENTOGENE N.V.,1.2,10.83,1.23,1.24,1.16,13172
CENTRAL GARDEN & PET CO.,39.56,0.1,39.6,40.54,39.14,86798
CENTRAL GARDEN & PET CO.,35.87,0.14,36.16,36.64,35.53,128564
CENTRAL PLAINS BANCSHARES INC.,9.98,0.71,9.78,9.98,9.78,3409
CENTRAL VALLEY COMMUNITY BANCORP,17.57,0.92,17.45,17.6,17.45,5436
CENTURY ALUMINUM CO.,7.85,12.61,8.06,8.14,7.71,1253613
CENTURY CASINOS INC.,4.41,0.46,4.41,4.58,4.36,86904
CENTURY THERAPEUTICS INC.,1.55,11.51,1.39,1.57,1.37,143794
CEPTON INC.,2.81,10.35,2.87,2.89,2.79,9271
CERAGON NETWORKS,1.78,12.73,1.82,1.83,1.76,145530
CERENCE INC.,16.94,0.59,16.93,17.04,16.69,314446
CEREVEL THERAPEUTICS HLD.,24.34,10.81,24.83,24.99,24.24,627843
CERTARA INC.,14.96,3.74,14.7,15.12,14.66,536858
CERUS CORP.,1.65,12.37,1.7,1.75,1.63,1179519
CERVOMED INC.,9.97,1.73,9.99,10.02,9.79,4365
CETUS CAPITAL ACQUISITION,10.55,0.09,10.55,10.55,10.55,500
CETUS CAPITAL ACQUISITION,0.19,0.0,0.19,0.19,0.19,9700
CETUS CAPITAL ACQUISITION,10.73,0.0,10.73,10.73,10.73,500
CEVA INC.,22.35,0.81,22.38,22.82,22.23,91747
CF ACQUISITION,10.77,0.0,10.77,10.83,10.77,118187
CF ACQUISITION,10.64,0.0,10.64,10.64,10.64,100
CF ACQUISITION,13.0,111.26,14.9,16.12,12.88,9756
CF ACQUISITION,10.78,0.19,10.71,10.78,10.71,527
CF ACQUISITION,10.67,0.0,10.67,10.67,10.67,400
CF ACQUISITION,14.31,12.85,15.68,16.6,14.31,2228
CF BANKSHARES INC.,16.5,1.54,17.5,17.5,16.3,1309
CFSB BANCORP INC.,6.15,11.13,6.13,6.25,6.13,3209
CHAIN BRIDGE I,10.8,0.0,10.8,10.8,10.8,2548
CHAIN BRIDGE I UNITS,10.75,0.09,11.0,11.0,10.75,200
CHAMPIONS ONCOLOGY INC.,5.5,2.61,5.28,5.5,5.28,2703
CHAMPIONX CORP.,29.41,0.34,28.65,29.49,28.42,960161
CHANSON INTERNATIONAL HOLDING,1.79,5.29,1.73,1.79,1.7,13202
CHARGE ENTERPRISES INC.,0.173,127.31,0.236,0.238,0.169,3207573
CHARLES & COLVARD,0.435,12.99,0.4,0.44,0.39,384558
CHARTER COMMUNICATIONS INC.,405.28,0.7,404.44,410.0,403.05,719804
CHAVANT CAPITAL ACQUISITION,11.27,0.54,11.27,11.27,11.27,570
CHAVANT CAPITAL ACQUISITION,11.13,0.0,11.13,11.13,11.13,900
CHECHE GROUP INC.,5.55,14.31,5.77,6.4,5.38,27038
CHECK POINT SOFTWARE TECHNOLOGIES,143.43,10.79,144.73,145.15,143.37,444488
CHECK-CAP,3.32,12.92,3.4,3.46,3.32,7094
CHECKPOINT THERAPEUTICS INC.,2.09,12.79,2.09,2.15,1.98,501124
CHEER HOLDING INC. ORD.,0.34,13.13,0.353,0.38,0.34,339605
CHEETAH NET SUPPLY CHAIN SERVICE,1.55,0.65,1.75,1.75,1.55,23043
CHEMOMAB THERAPEUTICS,0.555,11.22,0.55,0.576,0.511,437135
CHEMUNG FINANCIAL CORP,45.94,0.66,45.71,45.94,45.46,2849
CHENGHE ACQUISITION CO. ORD.,10.93,0.0,10.94,10.94,10.93,770
CHENGHE ACQUISITION CO. UNIT,11.02,0.0,10.81,11.03,10.81,2805
CHENGHE ACQUISITION I CO.,11.0,0.0,11.0,11.0,10.99,211059
CHENGHE ACQUISITION I CO. UNITS,12.27,16.12,13.04,14.9,12.27,8203
CHESAPEAKE ENERGY,81.81,0.17,80.39,82.7,79.94,985231
CHICAGO ATLANTIC REAL ESTATE FINANCE,15.12,10.46,15.28,15.29,14.95,53174
CHICKEN SOUP FOR THE SOUL ENTERTAINMENT,6.83,11.44,6.98,7.17,6.83,25844
CHICKEN SOUP FOR THE SOUL ENTERTAINMENT,19.55,0.26,19.84,19.84,19.25,2098
CHICKEN SOUP FOR THE SOUL ENTERTAINMENT,0.314,4.67,0.33,0.33,0.276,963643
CHIJET MOTOR CO.,1.7,12.86,1.8,1.85,1.6,60237
CHILDREN S PLACE INC. (THE),20.27,4.92,19.57,20.31,19.35,1017360
CHIMERIX INC.,0.961,0.1,0.961,0.99,0.951,134850
CHINA AUTOMOTIVE SYSTEMS INC.,3.68,11.6,3.71,3.76,3.55,29740
CHINA JO-JO DRUGSTORES INC.,0.172,14.44,0.189,0.189,0.169,625525
CHINA LIBERAL EDUCATION HLD.,0.146,1.39,0.14,0.158,0.14,120445
CHINA NATURAL RESOURCES INC.,1.69,0.0,1.69,1.69,1.69,206
CHINA SXT PHARMACEUTICALS INC.,1.78,2.89,1.81,1.81,1.7,28217
CHINDATA GROUP HOLDINGS,8.59,10.69,8.71,8.71,8.51,734419
CHIPMOS TECHNOLOGIES INC. ADS,25.03,0.36,25.15,25.15,24.89,9949
CHOICEONE FINANCIAL SERVICES,25.25,0.16,25.02,25.25,24.99,11442
CHORD ENERGY CORP.,161.0,0.37,156.83,161.61,156.03,312429
CHROMADEX CORP.,1.45,0.69,1.47,1.48,1.43,61801
CHS,25.33,10.24,25.35,25.37,25.19,15659
CHS,24.86,10.16,24.94,24.98,24.75,19264
CHS,26.29,11.35,26.7,26.7,26.2,34997
CHS,29.96,0.37,29.85,29.97,29.85,9469
CHS,25.76,10.04,25.77,25.78,25.61,17928
CHURCHILL DOWNS INC.,120.35,0.18,120.93,121.44,120.06,184049
CHUY S HOLDINGS INC.,34.9,0.75,35.01,35.49,34.9,38651
CIBUS INC.,12.49,0.32,12.5,12.65,11.79,37130
CIDARA THERAPEUTICS INC.,0.71,12.74,0.72,0.74,0.7,164522
CIMPRESS PLC,71.85,0.15,72.12,72.93,71.72,67076
CINCINNATI FINANCIAL,102.04,0.46,101.74,102.19,101.03,280069
CINEVERSE CORP.,1.01,10.98,1.03,1.09,1.01,59875
CINGULATE INC.,0.357,7.86,0.318,0.359,0.318,18062
CINTAS CORP.,554.82,0.29,556.0,559.01,553.77,206397
CIPHER MINING INC.,2.55,4.51,2.45,2.56,2.41,1460978
CIRRUS LOGIC INC.,75.85,0.24,76.26,77.36,75.76,468296
CISCO SYSTEMS INC.,48.08,0.59,48.08,48.35,47.94,17311340
CISO GLOBAL INC.,0.14,0.72,0.135,0.149,0.13,3829784
CITI TRENDS INC.,25.67,1.02,25.43,25.95,25.35,36001
CITIUS PHARMACEUTICALS INC.,0.768,10.52,0.77,0.78,0.763,306191
CITIZENS & NORTHERN CORP,19.41,10.77,19.72,19.74,19.03,17884
CITIZENS COMMUNITY BANCORP,10.86,0.56,10.94,11.18,10.5,2083
CITIZENS FINANCIAL SERVICES,57.4,2.32,57.45,57.45,56.8,4841
CITIZENS HOLDING CO.,10.25,10.1,10.37,10.37,10.25,2741
CITY HOLDING COMPANY,97.43,0.7,97.67,98.05,96.9,29338
CIVISTA BANCSHARES INC.,15.38,0.13,15.55,15.59,15.3,17420
CLARUS CORP.,5.22,0.77,5.21,5.32,5.07,214003
CLEAN EARTH ACQUISITIONS,0.104,4.0,0.1,0.104,0.1,1599
CLEAN EARTH ACQUISITIONS,11.58,0.0,11.58,11.58,11.58,935
CLEAN EARTH ACQUISITIONS,10.89,0.0,10.64,10.89,10.64,452678
CLEAN ENERGY FUELS,3.49,0.58,3.48,3.55,3.44,940535
CLEAN ENERGY SPECIAL SITUATIONS,10.5,0.0,10.5,10.5,10.5,150
CLEAN ENERGY SPECIAL SITUATIONS,10.54,0.0,10.54,10.54,10.54,443
CLEAN ENERGY TECHNOLOGIES INC.,1.56,12.5,1.57,1.7,1.55,6431
CLEANSPARK INC.,4.86,7.28,4.53,4.88,4.39,13466503
CLEARFIELD INC.,27.06,0.97,27.11,27.56,26.93,133274
CLEARMIND MEDICINE INC.,0.119,11.65,0.122,0.123,0.116,608358
CLEARONE INC.,0.77,11.28,0.8,0.8,0.77,49651
CLEARPOINT NEURO INC.,5.86,11.35,6.07,6.08,5.79,48703
COGNEX CORP.,36.82,10.41,37.26,37.57,36.79,1143746
COGNITION THERAPEUTICS INC.,0.96,14.0,1.08,1.08,0.9,57332
COGNIZANT TECHNOLOGY SOLUTIONS,70.88,0.9,70.49,71.26,70.49,2432649
COGNYTE SOFTWARE,4.41,0.92,4.35,4.43,4.34,109256
COHBAR INC.,0.9,0.56,0.895,0.97,0.895,24782
COHERUS BIOSCIENCES INC.,2.02,1.51,2.01,2.08,1.97,2480202
COHU INC.,32.68,0.03,32.95,33.49,32.51,235033
COINBASE GLOBAL INC.,109.25,3.56,106.17,109.99,103.36,10356518
COLISEUM ACQUISITION,10.78,0.0,10.78,10.78,10.78,650
COLISEUM ACQUISITION,10.69,0.0,10.71,10.71,10.69,837
COLLECTIVE AUDIENCE INC.,1.44,2.86,1.4,1.48,1.32,376357
COLLEGIUM PHARMACEUTICAL INC.,25.98,1.92,25.69,26.12,25.68,225234
COLLIERS INTERNATIONAL GROUP,107.64,1.52,106.96,108.33,106.04,72079
COLLPLANT BIOTECHNOLOGIES,5.68,1.43,5.7,5.87,5.47,3064
COLONY BANKCORP INC.,10.67,1.14,10.68,10.8,10.55,25659
COLOR STAR TECHNOLOGY CO.,0.302,11.85,0.257,0.35,0.24,483038
COLUMBIA BANKING SYSTEM INC.,21.88,11.71,22.12,22.18,21.73,899776
COLUMBIA FINANCIAL INC.,17.16,10.41,17.43,17.51,17.1,79166
COLUMBIA SPORTSWEAR CO.,74.89,0.24,74.78,75.34,74.5,351657
COLUMBUS MCKINNON,34.74,0.12,35.07,35.24,34.53,66242
COMCAST CORP.,42.48,10.28,42.72,42.93,42.4,12855121
COMMERCE BANCSHARES INC.,49.81,0.4,50.0,50.29,49.6,369294
COMMERCIAL VEHICLE GROUP INC.,6.33,11.25,6.39,6.52,6.32,134170
COMMSCOPE HOLDING CO.,1.85,7.56,1.79,1.91,1.77,3241080
COMMUNITY TRUST BANCORP INC.,39.79,0.33,40.02,40.02,39.57,24468
COMMUNITY WEST BANCSHARES,13.83,0.58,13.83,13.88,13.7,15108
COMMVAULT SYSTEMS INC.,70.43,11.3,71.68,72.37,69.71,316459
COMPASS DIGITAL ACQUISITION,10.54,0.19,10.52,10.54,10.52,410
COMPASS DIGITAL ACQUISITION,10.59,0.0,10.59,10.59,10.59,550
COMPASS PATHWAYS PLC ADS,6.05,3.77,5.9,6.07,5.8,169831
COMPASS THERAPEUTICS INC.,1.72,1.78,1.71,1.73,1.67,175400
COMPLETE SOLARIA INC.,1.34,12.9,1.45,1.46,1.27,12981
COMPOSECURE INC.,5.2,0.0,5.21,5.32,5.1,35791
COMPUGEN,0.65,11.52,0.63,0.67,0.62,95777
COMPUTER PROGRAMS AND SYSTEMS,11.0,2.52,10.84,11.01,10.69,221971
COMPUTER TASK GROUP INC.,10.44,0.0,10.44,10.45,10.44,177425
COMSCORE INC.,0.664,1.37,0.66,0.678,0.66,40431
COMSOVEREIGN HOLDING,1.07,11.83,1.01,1.1,1.01,6126
COMSOVEREIGN HOLDING,1.75,0.0,1.72,1.75,1.72,574
COMSTOCK HOLDING COMPANIES,4.35,10.91,4.24,4.39,4.24,1379
COMTECH TELECOM,12.15,10.98,12.37,12.5,12.05,97295
CONCENTRIX CORP.,92.78,0.11,93.28,93.58,92.38,256806
CONCRETE PUMPING HLD.,7.64,11.16,7.76,7.79,7.63,29357
CONDUENT INC.,3.02,2.03,2.98,3.02,2.97,629382
CONDUIT PHARMACEUTICALS INC.,1.8,38.46,1.31,1.84,1.3,390144
CONFLUENT INC.,19.19,1.11,19.21,19.42,18.88,1827202
CONIFER HLD.,16.0,13.03,15.02,16.0,15.02,830
CONIFER HOLDINGS INC.,1.01,2.02,0.92,1.09,0.92,1960
CONN S INC.,3.21,10.62,3.24,3.29,3.12,31628
CONNECT BIOPHARMA HLD.,1.24,11.59,1.3,1.44,1.21,1154220
CONNECTONE BANCORP,17.75,1.95,17.43,17.75,17.4,1903
CONNECTONE BANCORP INC.,19.13,0.58,19.34,19.34,18.96,72272
CONNEXA SPORTS TECHNOLOGIES,0.415,11.66,0.41,0.44,0.41,116807
CONSENSUS CLOUD SOLUTIONS INC.,22.14,12.47,22.84,23.11,22.08,68587
CONSOLIDATED COMMUNICATIONS HLD.,4.22,0.24,4.22,4.23,4.2,899271
CONSOLIDATED WATER CO.,35.81,1.19,35.76,35.91,35.03,110551
CONSTELLATION ENERGY,123.25,0.6,122.9,123.84,121.97,1376724
CONSTRUCTION PARTNERS INC.,43.33,2.0,42.64,43.75,42.48,229744
CONSUMER PORTFOLIO SERVICES,9.68,10.41,10.03,10.03,9.62,6180
CONTEXT THERAPEUTICS INC.,0.851,5.06,0.957,0.957,0.83,10081
CUMULUS MEDIA INC.,4.95,0.0,4.94,4.97,4.81,26781
CUREVAC N.V.,5.45,10.73,5.52,5.52,5.41,113288
CURIOSITYSTREAM INC.,0.6,1.7,0.569,0.618,0.563,55800
CURIS INC.,8.38,11.64,9.03,9.24,7.85,74352
CUTERA INC.,2.02,4.12,1.98,2.1,1.94,404043
CVB FINANCIAL CORP.,17.9,0.9,17.99,18.07,17.74,517777
CVD EQUIPMENT CORP.,4.96,4.42,4.75,4.96,4.75,16411
CVRX INC.,19.48,1.51,19.2,19.7,18.81,71631
CXAPP INC.,1.41,13.42,1.5,1.53,1.38,282123
CYANOTECH CORP.,0.73,0.0,0.73,0.73,0.73,757
CYBERARK SOFTWARE,191.53,0.28,191.36,193.53,189.44,316001
CYCLACEL PHARMACEUTICALS,7.7,17.89,8.49,8.5,7.58,4967
CYCLACEL PHARMACEUTICALS INC.,0.28,3.32,0.3,0.3,0.266,218830
CYCLERION THERAPEUTICS INC.,2.15,2.38,2.32,2.35,2.05,9395
CYCLO THERAPEUTICS INC.,1.19,14.03,1.21,1.3,1.13,102467
CYMABAY THERAPEUTICS INC.,17.9,11.16,18.26,18.45,17.82,1149873
CYNGN INC.,0.219,3.79,0.219,0.236,0.2,242880
CYTEIR THERAPEUTICS INC.,3.06,1.32,3.04,3.08,3.04,6441
CYTEK BIOSCIENCES INC.,6.7,8.24,6.26,6.76,6.2,1343555
CYTOKINETICS INC.,31.91,0.54,32.4,32.7,31.46,1126745
CYTOMED THERAPEUTICS,3.7,0.0,3.68,3.7,3.62,11428
CYTOSORBENTS CORP.,1.24,14.62,1.28,1.31,1.21,134952
CYTTHERAPEUTICS INC.,1.29,10.77,1.31,1.31,1.22,98346
D-MARKET ELECTRONIC SERVICES & TRADING,1.3,1.56,1.28,1.34,1.28,181461
DADA NEXUS LTD.,3.81,10.52,3.9,3.9,3.68,742855
DAILY JOURNAL,324.87,1.04,327.0,327.0,324.87,2963
DAKTRONICS INC.,11.91,1.45,11.81,12.01,11.75,525454
DALLASNEWS CORP.,3.79,0.0,3.79,3.85,3.77,7142
DARE BIOSCIENCE INC.,0.332,12.07,0.339,0.341,0.33,131658
DARIOHEALTH CORP.,1.0,13.85,1.02,1.06,1.0,92925
DASEKE INC.,4.49,2.05,4.44,4.57,4.41,176288
DATA I/O CORP.,2.91,11.36,2.9,3.02,2.89,5194
DATA KNIGHTS ACQUISITION,7.45,0.0,6.3,8.74,5.99,14474
DATA STORAGE CORP.,3.15,1.29,3.18,3.29,3.12,21639
DATADOG INC.,112.13,0.18,112.94,113.57,110.72,2507386
DATASEA INC.,0.185,0.0,0.19,0.193,0.182,105514
DATCHAT INC.,1.84,5.14,1.88,1.99,1.79,18456
DAVE & BUSTER S ENTERTAINMENT,38.93,1.49,38.77,39.59,38.53,571683
DAVE INC.,5.6,16.67,6.06,6.06,5.6,28681
DAVIS COMMODITIES,1.13,9.71,1.05,1.19,1.03,453143
DAWSON GEOPHYSICAL CO.,1.59,8.9,1.5,1.59,1.48,7191
DAXOR CORP.,7.9,0.0,7.86,7.9,7.86,852
DAY ONE BIOPHARMACEUTICALS,11.87,10.42,12.12,12.12,11.81,319796
DBV TECHNOLOGIES S.A. ADS,0.8,11.24,0.8,0.81,0.79,271988
DECIPHERA PHARMACEUTICALS INC.,12.13,0.33,12.24,12.34,11.94,215175
DEEP MEDICINE ACQUISITION,11.55,10.17,11.57,11.57,11.55,604
DEFINITIVE HEALTHCARE,8.04,1.52,8.05,8.39,7.93,319956
DELCATH SYSTEMS INC.,2.89,12.36,3.0,3.1,2.88,434559
DENALI CAPITAL ACQUISITION,10.97,10.09,10.97,10.97,10.97,104
DENALI CAPITAL ACQUISITION,10.98,0.0,10.98,10.98,10.98,2000
DENALI THERAPEUTICS INC.,18.1,10.6,18.58,18.81,17.92,701152
DENNY S CORP.,9.74,0.0,9.76,10.02,9.72,759241
DENTSPLY SIRONA INC.,31.36,1.19,31.09,31.57,31.02,3155043
DERMATA THERAPEUTICS INC.,0.711,110.0,0.89,0.89,0.698,183262
DERMTECH INC.,1.46,2.82,1.41,1.5,1.39,117017
DESIGN THERAPEUTICS INC.,2.21,0.91,2.19,2.21,2.14,272355
DESTINATION XL GROUP INC.,4.01,12.43,4.11,4.13,3.96,437048
DESWELL INDUSTRIES INC.,2.64,10.38,2.55,2.68,2.55,7094
DEXCOM INC.,110.8,1.69,110.0,112.04,109.42,2747566
DHC ACQUISITION,10.64,0.0,10.64,10.64,10.64,2201
DHC ACQUISITION,10.75,0.0,10.69,10.79,10.68,51449
DIAMEDICA THERAPEUTICS INC.,2.59,4.02,2.46,2.65,2.45,97963
DIAMOND HILL INVESTMENT GROUP,160.07,11.21,159.25,162.0,159.25,8047
DIAMONDBACK ENERGY INC.,154.16,10.6,150.98,154.63,149.99,1363458
DIANTHUS THERAPEUTICS INC.,11.36,11.22,11.5,11.68,11.36,31126
DIGI INTERNATIONAL INC.,24.59,0.57,24.7,25.09,24.28,107096
DIGIHOST TECHNOLOGY INC.,1.32,0.0,1.28,1.32,1.18,38013
DIGIMARC CORP.,32.47,11.75,33.51,33.83,31.35,51935
DIGITAL ALLY INC.,2.18,4.31,2.13,2.19,2.08,9012
DIGITAL BRANDS GROUP INC.,3.26,17.39,3.55,3.64,3.25,41261
DIGITAL HEALTH ACQUISITION,12.51,11.03,12.62,12.75,12.43,4467
DIGITAL HEALTH ACQUISITION,12.5,0.0,12.5,12.5,12.5,200
DIGITAL TURBINE INC.,5.06,1.0,5.05,5.19,5.03,851336
DIGITAL WORLD ACQUISITION,19.6,16.26,19.12,20.33,19.12,2518
DIGITAL WORLD ACQUISITION,17.06,11.84,17.73,17.73,16.78,256317
DIME COMMUNITY BANCSHARES,15.41,11.72,15.74,15.9,15.41,6688
DIME COMMUNITY BANCSHARES INC.,20.44,1.49,20.39,20.69,20.2,141290
DIODES INC.,68.66,10.03,69.45,70.33,68.14,171062
DIRECT DIGITAL HLD.,8.14,13.55,8.24,8.59,7.61,676482
DISC MEDICINE INC.,52.0,0.48,52.19,52.66,50.89,103369
DISH NETWORK CORP.,3.65,0.0,3.69,3.76,3.62,4713395
DISRUPTIVE ACQUISITION,10.59,0.0,10.6,10.6,10.59,606
DISRUPTIVE ACQUISITION,10.6,0.0,10.6,10.6,10.6,1500
DISTOKEN ACQUISITION,0.135,120.59,0.121,0.144,0.121,1687
DISTOKEN ACQUISITION,10.57,0.0,10.57,10.6,10.57,4107
DISTRIBUTION SOLUTIONS GROUP,26.29,10.83,26.75,27.1,26.02,83339
DIVERSIFIED HEALTHCARE TRUST,2.05,1.99,2.04,2.09,2.0,525083
DIVERSIFIED HEALTHCARE TRUST 5.625% SE,13.69,1.18,13.37,13.91,13.09,8095
DIVERSIFIED HEALTHCARE TRUST 6.25% SEN,14.01,0.86,13.9,14.01,13.73,15169
DLH HOLDINGS CORP.,14.5,1.68,14.43,14.55,14.02,6975
EDGEWISE THERAPEUTICS INC.,6.38,0.63,6.49,6.57,6.18,125508
EDGIO INC.,0.527,1.54,0.529,0.54,0.503,602465
EDIBLE GARDEN AG INC.,0.445,3.01,0.438,0.47,0.433,74242
EDIFY ACQUISITION,10.85,0.0,10.85,10.85,10.85,500
EDIFY ACQUISITION,10.84,10.09,10.85,10.85,10.84,6218
EDITAS MEDICINE INC.,10.49,3.66,10.29,10.72,10.16,1796677
EDOC ACQUISITION,11.55,0.0,11.55,11.55,11.55,115
EDOC ACQUISITION,0.1,0.0,0.1,0.1,0.1,4000
EDUCATIONAL DEVELOPMENT,0.84,11.18,0.85,0.85,0.84,22854
EF HUTTON ACQUISITION,10.72,0.19,10.71,10.72,10.7,206275
EFFECTOR THERAPEUTICS INC.,0.656,11.06,0.685,0.697,0.637,2068726
EGAIN CORP.,7.56,0.67,7.52,7.62,7.41,50863
EHANG HOLDINGS LTD.,15.8,2.66,16.4,16.6,14.55,1185489
EHEALTH INC.,7.72,10.77,7.82,7.92,7.7,64847
EIGER BIOPHARMACEUTICALS INC.,0.35,12.9,0.37,0.38,0.33,162334
EIGHTCO HOLDINGS INC.,0.615,6.03,0.598,0.619,0.574,85376
EKSO BIONICS HLD.,1.55,4.73,1.54,1.59,1.53,208128
EL POLLO LOCO HLD.,8.8,1.85,8.72,8.85,8.65,294422
ELBIT SYSTEMS,207.96,2.21,207.34,208.53,206.65,39663
ELECTRA BATTERY MATERIALS,0.45,12.81,0.463,0.47,0.45,107451
ELECTRAMECCANICA VEHICLES,0.4,11.24,0.4,0.407,0.391,318082
ELECTRO-SENSORS INC.,3.75,13.1,3.75,3.75,3.75,128
ELECTROCORE INC.,5.5,18.49,6.01,6.01,5.48,23092
ELECTRONIC ARTS INC.,136.12,0.04,136.78,137.07,136.07,1153694
ELECTROVAYA INC.,2.63,1.15,2.57,2.63,2.52,2282
ELEDON PHARMACEUTICALS INC.,1.16,13.33,1.2,1.2,1.14,31401
ELEVAI LABS INC.,3.47,2.06,3.5,3.68,3.3,201166
ELEVATION ONCOLOGY INC.,0.462,11.91,0.479,0.49,0.46,37955
ELICIO THERAPEUTICS INC.,5.56,7.13,5.45,5.9,5.23,18999
ELIEM THERAPEUTICS INC,2.61,3.57,2.61,2.61,2.61,480
ESSA PHARMA INC.,5.59,13.79,5.76,5.76,5.49,37791
ESTABLISHMENT LABS HLD.,25.13,3.8,24.43,26.62,24.02,494356
ESTRELLA IMMUNOPHARMA INC.,1.41,0.71,1.39,1.53,1.36,31059
ETAO INTERNATIONAL CO.,0.202,16.91,0.23,0.234,0.201,170554
ETERNA THERAPEUTICS INC.,0.99,11.98,1.1,1.1,0.99,20885
ETON PHARMACEUTICALS INC.,3.64,2.54,3.6,3.69,3.56,60443
ETSY INC.,71.48,1.26,70.91,72.05,70.7,1898955
EUDA HEALTH HOLDINGS,1.2,7.14,1.16,1.25,1.1,143068
EURO TECH HOLDINGS CO.,1.46,0.0,1.37,1.46,1.37,2635
EURODRY LTD.,16.93,2.61,16.5,16.94,16.28,17979
EURONET WORLDWIDE INC.,87.51,1.28,87.03,88.51,86.43,390402
EUROPEAN WAX CENTER INC.,14.03,1.3,14.01,14.19,13.83,389657
EUROSEAS LTD.,28.19,1.37,27.88,28.3,27.49,27929
EVAXION BIOTECH A/S ADS,0.8,10.5,0.768,0.8,0.768,9499
EVELO BIOSCIENCES INC.,0.609,3.57,0.577,0.699,0.577,948925
EVERBRIDGE INC.,20.69,2.22,20.47,20.75,20.3,343099
EVERCOMMERCE INC.,8.84,5.24,8.4,8.92,8.39,140260
EVERGREEN CORP.,11.05,0.0,11.05,11.05,11.05,5719
EVERGREEN CORP.,11.07,0.0,11.01,11.07,11.0,1510
EVERGY INC.,50.83,1.25,50.26,50.89,49.75,2578922
EVERQUOTE INC.,8.62,3.11,8.49,8.67,8.32,205730
EVERSPIN TECHNOLOGIES INC.,8.93,10.89,8.77,9.08,8.69,104195
EVGO INC.,3.0,1.69,2.99,3.07,2.96,1228583
EVGO INC. WARRANTS,0.22,4.76,0.22,0.24,0.22,8275
EVOGENE,0.596,15.4,0.605,0.62,0.575,111717
EVOKE PHARMA INC.,1.25,3.31,1.25,1.25,1.18,3457
EVOLUS INC.,9.4,10.21,9.47,9.64,9.32,2104313
EVOLV TECHNOLOGIES HLD.,4.05,10.74,4.1,4.21,4.03,695688
EVOTEC SE ADS,10.33,1.77,10.28,10.4,10.24,13865
EXACT SCIENCES CORP.,65.38,0.37,65.83,66.8,64.84,582190
FARMMI INC.,1.3,17.8,1.38,1.4,1.3,22436
FARO TECHNOLOGIES INC.,18.27,10.11,18.48,18.8,18.13,218907
FASTENAL COMPANY,60.87,0.28,60.88,61.02,60.56,2024825
FAT BRANDS,14.66,10.48,14.75,14.75,14.66,2933
FAT BRANDS INC.,5.02,18.73,5.02,5.02,5.02,1141
FAT BRANDS INC.,5.86,10.68,5.88,5.94,5.85,3237
FAT PROJECTS ACQUISITION CORP ORD.,10.91,0.0,10.9,10.91,10.9,8239
FAT PROJECTS ACQUISITION CORP UNIT,10.98,0.0,10.98,10.98,10.98,400
FATE THERAPEUTICS INC.,2.39,12.45,2.48,2.56,2.37,722171
FATHOM HOLDINGS INC.,3.07,14.13,2.64,3.14,2.64,37450
FAZE HOLDINGS INC.,0.183,12.66,0.175,0.19,0.175,225243
FEMASYS INC.,0.914,1.33,0.924,0.958,0.88,3643602
FENNEC PHARMACEUTICALS INC.,8.83,2.32,8.67,8.93,8.63,55139
FERROGLOBE PLC,4.94,1.02,4.89,4.99,4.83,410123
FEUTUNE LIGHT ACQUISITION,0.13,0.0,0.117,0.13,0.117,3600
FEUTUNE LIGHT ACQUISITION,10.84,0.0,10.84,10.84,10.84,103
FEUTUNE LIGHT ACQUISITION,11.05,1.94,10.74,11.05,10.74,2178
FG FINANCIAL GROUP,15.55,11.02,15.45,15.55,15.45,2046
FG FINANCIAL GROUP INC.,1.33,1.53,1.37,1.37,1.33,1736
FGI INDUSTRIES,1.53,0.66,1.52,1.54,1.52,6760
FIBROGEN INC,0.48,12.04,0.49,0.51,0.47,556478
FIDELITY D & D BANCORP INC.,51.46,0.47,51.48,51.5,50.95,3831
FIDUS INVESTMENT,19.63,0.36,19.65,19.73,19.6,177361
FIFTH THIRD BANCORP,27.19,10.62,27.49,27.55,27.04,2256566
FIFTH THIRD BANCORP DEPOSITARY SHARE RE,24.97,10.08,24.92,25.08,24.91,37517
FIFTH THIRD BANCORP DEPOSITARY SHARES,24.07,0.0,24.22,24.22,23.69,7341
FIFTH THIRD BANCORP DEPOSITARY SHARES,21.81,10.37,21.86,22.2,21.48,19603
FINANCIAL INSTITUTIONS INC.,17.91,1.36,17.86,17.96,17.75,25496
FINCH THERAPEUTICS GROUP INC.,3.7,12.63,3.7,3.7,3.61,4879
FLUX POWER HOLDINGS INC.,3.52,0.28,3.59,3.73,3.47,32134
FLYWIRE CORP.,23.18,2.43,22.99,23.58,22.99,1487399
FNCB BANCORP INC.,6.06,10.16,6.13,6.13,6.05,5312
FOCUS IMPACT ACQUISITION,10.83,0.0,10.83,10.83,10.83,100
FOCUS IMPACT ACQUISITION,10.86,0.0,10.77,11.07,10.77,117806
FOCUS IMPACT BH3 ACQUISITION CO.,10.44,0.0,10.35,10.44,10.35,400
FOCUS IMPACT BH3 ACQUISITION CO.,10.35,0.0,10.35,10.36,10.35,21113
FOCUS UNIVERSAL INC.,1.59,11.85,1.59,1.6,1.56,9879
FOGHORN THERAPEUTICS INC.,4.36,6.08,4.16,4.43,4.15,24420
FONAR CORP.,19.04,3.7,18.5,19.18,18.14,58078
FORAFRIC GLOBAL PLC,11.52,10.17,11.4,11.7,11.03,5069
FOREMOST LITHIUM RESOURCE & TECHNOLOGY,3.79,11.14,3.59,3.79,3.42,5812
FORESIGHT AUTONOMOUS HLD.,1.74,10.57,1.69,1.75,1.69,11650
FORIAN INC.,2.64,7.32,2.55,2.67,2.46,5129
FORMFACTOR INC.,37.99,11.4,38.91,39.21,37.95,496902
FORMULA SYSTEMS (1985),59.75,0.0,59.07,60.63,59.07,1899
FORRESTER RESEARCH INC.,25.15,0.96,25.06,25.97,25.06,58847
FORTE BIOSCIENCES INC.,0.43,10.69,0.454,0.454,0.43,7374
FORTINET INC.,52.97,0.74,52.9,53.71,52.76,5587417
FORTREA HOLDINGS INC.,32.85,0.64,32.61,33.17,32.33,799006
FORTRESS BIOTECH,10.97,0.55,11.55,11.55,10.93,7499
FORTRESS BIOTECH INC.,2.2,0.0,2.22,2.38,1.92,1001562
FORTUNE RISE ACQUISITION,10.97,0.0,10.97,10.97,10.97,5961
FORTUNE RISE ACQUISITION,11.28,0.0,11.28,11.28,11.28,647
FORWARD AIR CORP.,64.72,10.29,65.08,65.88,64.44,361787
FORWARD INDUSTRIES INC.,0.72,11.51,0.79,0.79,0.71,10581
FORZA X1 INC.,0.6,10.83,0.62,0.635,0.6,12289
FOSSIL GROUP,13.0,10.08,13.13,13.3,12.97,5996
FOSSIL GROUP INC.,1.16,1.75,1.16,1.18,1.13,507070
FOUR LEAF ACQUISITION,10.5,0.1,10.5,10.65,10.5,3999
FOUR LEAF ACQUISITION,10.55,0.0,10.59,10.59,10.55,300
FOX CORP.,28.35,0.21,28.44,28.49,28.15,1581441
FOX CORP.,30.36,0.16,30.38,30.51,30.12,5662872
FOX FACTORY HOLDING,61.66,1.35,61.66,62.79,61.32,256126
FRANKLIN ELECTRIC CO. INC.,89.44,0.55,89.45,90.03,88.78,72744
FRANKLIN FINANCIAL SERVICES,33.1,1.35,33.24,33.25,32.66,3613
FRANKLIN WIRELESS,3.0,1.01,3.15,3.15,2.97,3952
FREEDOM HOLDING,83.45,10.78,84.42,85.73,83.09,79170
FREELINE THERAPEUTICS HLD.,6.37,10.21,6.3,6.54,6.3,148424
FREIGHT TECHNOLOGIES INC.,0.337,5.31,0.32,0.337,0.313,104418
FREIGHTCAR AMERICA INC.,2.38,1.71,2.32,2.39,2.32,9327
FREIGHTOS LTD.,2.99,18.28,3.02,3.19,2.87,26999
FREQUENCY ELECTRONICS INC.,9.0,10.44,9.24,11.41,8.95,30283
FRESH TRACKS THERAPEUTICS INC.,0.769,12.66,0.78,0.79,0.766,46950
FRESH2 GROUP LTD.,1.06,112.4,1.15,1.26,1.0,8434
FRESHPET INC.,69.85,1.14,69.34,70.17,68.88,351243
FRESHWORKS INC.,18.89,0.75,19.0,19.19,18.69,1650891
FRONTDOOR INC.,34.14,0.8,34.16,34.42,33.94,484803
FRONTIER COMMUNICATIONS PARENT,20.92,0.1,21.11,21.32,20.78,1407202
FRONTIER GROUP HLD.,3.9,1.3,3.89,4.18,3.88,2751719
FRONTIER INVESTMENT CORP,10.54,1.35,10.4,10.54,10.4,11299
FRONTIER INVESTMENT CORP UNITS,10.49,0.0,10.48,10.49,10.48,200
FRP HOLDINGS INC.,58.35,1.62,57.6,58.6,57.6,5385
FS BANCORP INC.,31.3,0.94,31.31,32.24,30.99,17695
FSD PHARMA,1.31,12.96,1.43,1.43,1.23,269984
FTAC EMERALD ACQUISITION,10.5,0.0,11.14,11.14,10.45,502
FTAC EMERALD ACQUISITION,10.52,0.1,10.52,10.52,10.52,102
FTAI AVIATION,24.63,10.32,24.72,24.75,24.61,3986
GENMAB A/S ADS,31.55,1.77,31.19,31.61,31.11,359419
GENPREX INC.,0.258,0.0,0.257,0.259,0.246,42603
GENTEX CORP.,31.06,1.17,30.88,31.3,30.87,3967592
GENTHERM INC,46.63,1.28,46.75,47.38,45.25,101525
GEOSPACE TECHNOLOGIES,12.11,11.46,12.06,12.29,12.0,32671
GEOVAX LABS INC.,0.511,11.73,0.53,0.53,0.511,96046
GERMAN AMERICAN BANCORP INC.,29.1,10.44,29.54,29.73,29.01,49727
GERON CORP.,1.95,1.56,1.93,1.98,1.9,2224535
GEVO INC.,1.16,0.87,1.17,1.18,1.13,3062648
GH RESEARCH PLC,6.91,18.12,6.0,7.1,6.0,43184
GIBRALTAR INDUSTRIES INC.,68.69,11.08,69.85,70.0,68.36,92700
GIGACLOUD TECHNOLOGY INC,9.48,12.67,9.59,9.81,9.36,233656
GIGAMEDIA LTD.,1.39,10.71,1.38,1.4,1.38,4028
GIGCAPITAL 5 INC.,10.85,0.0,10.9,10.9,10.85,20616
GILAT SATELLITE NETWORKS,6.26,10.32,6.33,6.38,6.23,48605
GILEAD SCIENCES INC.,75.7,1.35,74.99,75.73,74.89,4419129
GITLAB INC.,46.84,1.5,47.24,47.43,46.18,1046284
GLADSTONE CAPITAL,10.16,0.3,10.18,10.2,10.13,195562
GLADSTONE CAPITAL,24.84,0.0,24.85,24.85,24.77,12415
GLADSTONE COMMERCIAL,17.55,0.46,17.5,17.85,17.45,11559
GLADSTONE COMMERCIAL,12.38,1.64,12.25,12.44,12.22,185590
GLADSTONE COMMERCIAL,19.57,0.1,19.57,19.7,19.49,2301
GLADSTONE INVESTMENT,22.62,11.74,22.37,23.21,22.37,3927
GLADSTONE INVESTMENT,14.72,0.41,14.65,14.74,14.62,128742
GLADSTONE INVESTMENT,25.23,0.24,25.15,25.29,25.15,5666
GLADSTONE INVESTMENT,23.37,0.04,23.39,23.39,23.25,11439
GLADSTONE LAND CORP.,18.48,10.11,18.6,18.65,18.25,9640
GLADSTONE LAND CORP.,23.81,10.38,23.66,23.81,23.66,881
GLADSTONE LAND CORP.,14.46,0.21,14.57,14.62,14.31,137366
GLADSTONE LAND CORP.,18.4,1.94,18.13,18.46,18.03,6690
GLEN BURNIE BANCORP,5.29,11.12,5.44,5.44,5.22,2705
GLOBAL BLOCKCHAIN ACQUISITION,0.08,0.0,0.08,0.08,0.08,50200
GLOBAL BLOCKCHAIN ACQUISITION,10.51,11.04,10.51,10.51,10.51,299
GLOBAL LIGHTS ACQUISITION CORP UNIT,10.17,0.0,10.17,10.17,10.17,1360
GLOBAL MOFY METAVERSE,13.49,1.89,13.34,14.49,13.28,119448
GLOBAL PARTNER ACQUISITION CORP II ORD,11.03,0.0,11.11,11.11,11.0,54272
GLOBAL PARTNER ACQUISITION CORP II UNIT,11.2,0.0,11.1,11.2,11.1,400
GLOBAL SELF STORAGE INC.,4.62,11.91,4.74,4.74,4.61,22585
GLOBAL STAR ACQUISITION,0.023,180.83,0.023,0.023,0.023,501
GLOBAL STAR ACQUISITION,10.91,0.0,11.38,12.11,10.91,1000
GLOBAL STAR ACQUISITION INC.,10.7,0.0,10.41,10.91,10.41,2301
GLOBAL SYSTEMS DYNAMICS,10.92,0.0,10.92,10.92,10.92,200
GLOBAL SYSTEMS DYNAMICS INC.,11.01,10.81,11.01,11.01,11.01,779
GLOBAL TECHNOLOGY ACQUISITION,10.76,12.0,11.0,11.28,10.76,898
GLOBAL TECHNOLOGY ACQUISITION,10.85,13.13,10.7,11.4,10.7,501
GLOBAL WATER RESOURCES INC.,11.57,2.21,11.43,11.69,11.15,14889
GLOBAL-E ONLINE,31.51,0.67,31.3,31.93,31.27,1369255
GLOBALFOUNDRIES INC. ORD.,56.87,0.67,57.18,57.59,56.58,731156
GLOBALINK INVESTMENT,10.84,0.0,10.84,10.84,10.84,250
GLOBALINK INVESTMENT INC.,10.88,0.18,10.88,10.88,10.88,56151
GLOBAVEND HOLDINGS,1.48,13.27,1.53,1.59,1.46,57127
GLOBUS MARITIME LTD.,1.85,2.21,1.82,1.98,1.82,31705
GLUCOTRACK INC.,0.188,9.3,0.18,0.194,0.163,233469
GLYCOMIMETICS INC.,1.52,1.33,1.53,1.54,1.43,66302
GOAL ACQUISITIONS,10.8,0.37,10.76,10.8,10.72,6189
GOAL ACQUISITIONS,10.84,0.28,10.81,10.86,10.81,1819
GOGO INC.,10.24,2.4,10.1,10.27,10.0,627206
GOGORO INC.,2.68,0.0,2.67,2.73,2.66,67315
GOHEALTH INC.,13.06,0.62,12.98,13.23,12.66,5012
GOLAR LNG LTD.,21.4,3.13,20.75,21.65,20.22,1768295
GREAT ELM GROUP INC.,2.05,6.77,1.91,2.05,1.91,39906
GREAT LAKES DREDGE & DOCK,6.57,1.55,6.48,6.64,6.44,325775
GREAT SOUTHERN BANCORP INC.,51.71,0.54,51.9,52.63,51.4,10181
GREEN GIANT INC.,0.81,14.71,0.917,0.917,0.81,18536
GREEN PLAINS INC.,24.53,11.6,24.86,25.11,24.36,1016346
GREEN PLAINS PARTNERS LP,12.44,10.64,12.65,12.65,12.32,109545
GREENBROOK TMS INC.,0.25,12.72,0.248,0.261,0.248,10686
GREENE COUNTY BANCORP INC.,24.19,14.88,25.5,25.5,24.01,8975
GREENIDGE GENERATION HLD.,7.0,14.11,7.3,7.3,6.87,6977
GREENIDGE GENERATION HLD.,4.9,7.69,4.62,5.05,4.51,99786
GREENLAND TECHNOLOGIES HOLDING,2.46,14.28,2.58,2.61,2.43,58322
GREENLANE HOLDINGS INC.,0.533,2.5,0.545,0.545,0.502,13976
GREENLIGHT REINSURANCE,11.31,0.27,11.33,11.36,11.22,59437
GREENPOWER MOTOR CO.,2.76,11.43,2.8,2.87,2.75,31604
GREENPRO CAPITAL,0.96,14.0,0.97,0.99,0.92,5319
GREENWAVE TECHNOLOGY SOLUTIONS,0.496,3.33,0.48,0.51,0.444,51607
GREENWICH LIFESCIENCES INC.,11.35,7.08,10.77,11.72,10.77,26939
GRI BIO INC.,0.811,118.9,0.97,0.99,0.76,475059
GRID DYNAMICS HLD.,12.67,7.46,11.97,12.68,11.94,488688
GRIFOLS S.A. ADS,9.66,1.15,9.58,9.66,9.56,426956
GRINDROD SHIPPING HLD.,9.86,3.79,9.23,9.96,9.23,19170
GRITSTONE BIO INC.,1.32,3.13,1.28,1.35,1.27,820354
GROCERY OUTLET HOLDING,28.82,1.44,28.58,28.98,28.58,544905
GROM SOCIAL ENTERPRISES INC.,1.01,12.88,1.11,1.15,1.01,1164393
GROUPON INC.,10.08,1.31,9.99,10.51,9.99,978886
GROWGENERATION CORP.,2.68,7.2,2.51,2.7,2.5,814575
GRUPO AEROPORTUARIO DEL CENTRO NORTE S.,68.4,2.4,67.37,68.64,64.33,63891
GRUPO FINANCIERO GALICIA S.A. ADS SHAR,13.5,17.28,14.5,14.7,13.06,2274056
GSE SYSTEMS INC.,3.01,10.99,3.2,3.33,2.85,67641
GSI TECHNOLOGY INC.,2.29,16.15,2.42,2.46,2.26,67418
GT BIOPHARMA INC.,0.232,0.87,0.237,0.244,0.23,30540
GUARDANT HEALTH INC.,23.23,1.35,23.18,23.94,23.01,858284
GUARDFORCE AI CO.,3.5,2.04,3.46,3.58,3.44,70333
GUARDION HEALTH SCIENCES INC.,6.08,8.57,5.92,6.08,5.92,2194
GULF ISLAND FABRICATION INC.,4.12,10.96,4.22,4.22,4.1,9656
GULF RESOURCES INC.,1.41,14.08,1.45,1.47,1.36,29852
GYRE THERAPEUTICS INC.,16.11,26.55,13.12,16.5,13.12,211922
GYRODYNE LLC,8.99,0.0,8.96,8.99,8.96,257
H WORLD GROUP LTD.,36.88,0.55,36.91,37.62,36.55,1296616
H&E EQUIPMENT SERVICES INC.,45.24,10.11,45.58,45.76,44.58,129029
HALL OF FAME RESORT & ENTERTAINMENT CO.,3.41,0.29,3.48,3.49,3.3,21979
HALLADOR ENERGY CO.,13.13,2.18,12.78,13.2,12.52,152987
HALLMARK FINANCIAL SERVICES,1.77,13.28,1.83,1.83,1.77,790
HALOZYME THERAPEUTICS INC.,40.11,3.16,39.34,40.19,39.13,770976
HAMILTON LANE INC.,93.99,0.73,94.1,94.71,93.54,70662
HAMMERHEAD ENERGY INC.,14.9,10.4,14.89,14.93,14.82,13364
HANCOCK WHITNEY,40.49,0.75,40.63,40.92,40.27,275392
HANCOCK WHITNEY,22.9,10.56,23.22,23.3,22.62,6007
HANMI FINANCIAL,16.55,1.04,16.58,16.61,16.33,143352
HANOVER BANCORP INC.,17.65,10.84,17.8,18.0,17.5,6767
HANRYU HOLDINGS INC.,0.5,1.42,0.518,0.54,0.482,529026
HARBOR CUSTOM DEVELOPMENT,2.48,14.98,2.76,2.79,2.3,23865
HARBOR CUSTOM DEVELOPMENT INC.,0.766,12.55,0.81,0.845,0.74,54534
HARBORONE BANCORP INC.,11.01,10.09,11.13,11.14,10.96,74615
HARMONIC INC.,10.98,1.2,10.96,11.07,10.89,755494
HARMONY BIOSCIENCES HLD.,28.5,3.75,27.97,28.61,27.97,309105
HARPOON THERAPEUTICS INC.,12.92,10.54,13.05,15.19,11.5,690263
HARROW,23.7,1.02,23.38,23.7,23.38,3175
HARROW,25.08,0.28,25.0,25.3,24.78,5392
HARROW INC.,9.19,10.33,9.18,9.35,9.08,393396
HUDSON ACQUISITION I,10.61,0.0,10.61,10.61,10.61,68926
HUDSON GLOBAL INC.,15.16,0.0,15.39,15.4,15.16,3188
HUDSON TECHNOLOGIES INC.,12.68,0.4,12.64,12.88,12.6,201185
HUIZE HOLDING LTD.,0.962,11.33,0.98,0.98,0.957,8629
HUMACYTE INC.,2.55,4.51,2.48,2.58,2.46,255021
HUNTINGTON BANCSHARES INC.,10.87,10.28,10.98,11.01,10.79,6418881
HUNTINGTON BANCSHARES INC.,17.3,11.31,17.41,17.51,17.21,53495
HUNTINGTON BANCSHARES INC.,22.91,11.08,23.33,23.33,22.78,24865
HUNTINGTON BANCSHARES INC.,19.52,10.96,19.85,19.86,19.52,4017
HURCO COMPANIES INC.,20.63,0.24,20.57,20.87,20.57,4267
HURON CONSULTING GROUP INC.,104.98,0.1,105.41,106.7,104.61,79424
HUT 8 MINING CORP.,1.93,1.58,1.88,1.93,1.82,9164951
HUTCHMED (CHINA),18.24,0.44,18.16,18.77,18.01,57928
HYCROFT MINING HOLDING,1.99,16.57,2.14,2.14,1.96,185880
HYDROFARM HLD.,0.904,3.31,0.91,0.92,0.865,105538
HYPERFINE INC.,1.21,0.0,1.21,1.24,1.2,64525
HYWIN HOLDINGS,7.01,0.0,7.0,7.01,6.96,1071
HYZON MOTORS INC.,1.13,13.42,1.14,1.26,1.07,552236
I-MAB ADS,1.5,11.32,1.52,1.55,1.48,193492
I3 VERTICALS INC.,20.59,1.13,20.4,21.05,20.4,83695
IAC INC.,48.44,0.9,48.47,48.99,47.97,356922
IBEX LTD.,18.05,1.75,17.71,18.16,17.29,42972
ICAD INC.,1.3,0.0,1.31,1.33,1.28,91037
ICAHN ENTERPRISES L.P. DEPOSITARY UNITS,16.83,2.5,16.39,16.9,16.33,708515
ICC HOLDINGS INC.,15.43,0.0,15.99,15.99,15.43,629
ICECURE MEDICAL,0.76,3.68,0.74,0.77,0.73,85603
ICF INTERNATIONAL INC.,129.97,0.79,129.79,130.81,128.31,82200
ICHOR HOLDINGS,26.32,2.37,25.94,26.78,25.76,139630
ICLICK INTERACTIVE ASIA GROUP,3.0,11.32,3.04,3.16,2.98,15337
ICON PLC,271.92,0.31,272.99,273.7,271.19,248791
INMED PHARMACEUTICALS INC.,0.38,0.0,0.401,0.404,0.37,61216
INMODE,23.19,3.07,22.66,23.38,22.34,1434667
INMUNE BIO INC.,8.64,9.23,7.85,8.78,7.85,53643
INNATE PHARMA S.A. ADS,2.38,12.06,2.41,2.41,2.38,292
INNODATA INC.,6.64,120.67,8.48,8.55,6.57,1954635
INNOSPEC INC.,105.94,10.59,107.48,107.48,105.58,64907
INNOVAGE HOLDING,5.54,5.32,5.33,5.59,5.17,8507
INNOVATIVE EYEWEAR INC.,0.415,2.47,0.406,0.428,0.406,15243
INNOVATIVE INTERNATIONAL ACQUISITION,10.97,3.78,10.9,10.97,10.8,490
INNOVATIVE INTERNATIONAL ACQUISITION,8.85,1.14,8.25,9.0,8.25,12423
INNOVATIVE SOLUTIONS AND SUPPORT,7.49,0.54,7.52,7.67,7.31,13409
INNOVIVA INC.,13.57,1.04,13.46,13.63,13.46,337569
INNOVIZ TECHNOLOGIES,1.92,0.0,2.0,2.02,1.85,4048098
INOGEN INC,5.79,10.52,5.9,6.08,5.75,383981
INOTIV INC.,2.33,0.87,2.36,2.55,2.27,180051
INOVIO PHARMACEUTICALS INC.,0.408,12.39,0.407,0.415,0.4,1552085
INOZYME PHARMA INC.,3.7,13.39,3.84,3.95,3.63,264082
INPIXON,0.065,14.41,0.072,0.072,0.065,4928089
INSEEGO CORP.,0.193,13.5,0.2,0.21,0.18,1829778
INSIGHT ACQUISITION,10.68,0.0,10.68,10.68,10.68,672
INSIGHT ACQUISITION,10.8,1.89,10.65,11.65,10.65,2746
INSIGHT ENTERPRISES INC.,149.88,0.02,151.2,151.94,149.57,91586
INSMED INC.,23.73,12.63,24.7,24.7,23.73,952802
INSPIRA TECHNOLOGIES OXY B.H.N.,1.16,10.85,1.2,1.2,1.16,7292
INSPIRATO INC.,4.51,15.65,4.61,4.85,4.5,9314
INSPIRE VETERINARY PARTNERS,0.565,119.52,0.702,0.702,0.54,267905
INSPIRED ENTERTAINMENT INC.,8.31,1.34,8.19,8.61,8.18,145844
INSPIREMD INC.,2.39,16.27,2.55,2.56,2.2,51983
INSTIL BIO INC.,0.371,1.37,0.378,0.378,0.364,240377
INSULET CORP.,186.31,2.75,182.32,187.59,181.62,886395
INTAPP INC.,38.2,0.42,38.11,38.93,37.52,590064
INTCHAINS GROUP LTD.,8.84,15.56,8.8,8.96,8.8,881
INTEGRA LIFESCIENCES HLD.,39.14,1.24,39.0,39.48,38.88,345904
INTEGRAL ACQUISITION,10.78,0.0,11.0,11.0,10.61,2221
INTEGRAL ACQUISITION,10.76,0.0,10.76,10.76,10.76,109
INTEGRAL AD SCIENCE HOLDING,14.2,1.07,14.22,14.42,14.13,423877
INTEGRATED MEDIA TECHNOLOGY,2.69,2.67,2.63,2.69,2.55,10032
INTEL CORP.,43.67,0.07,44.03,44.63,43.54,31490545
INTELLIA THERAPEUTICS INC.,30.26,6.32,29.01,30.42,28.94,1419019
INTELLICHECK INC.,1.72,0.0,1.7,1.73,1.66,17338
INTELLIGENT BIO SOLUTIONS INC.,0.288,10.77,0.26,0.3,0.245,2574814
INTELLIGENT LIVING APPLICATION GROUP,0.748,11.19,0.75,0.78,0.73,2650
INTENSITY THERAPEUTICS INC.,2.3,5.5,2.2,2.32,2.15,16586
INTER & CO. INC.,5.39,16.91,5.59,5.6,5.32,364364
INTER PARFUMS INC.,123.65,0.02,125.9,127.4,123.09,160992
INTERACTIVE BROKERS GROUP INC.,80.65,0.79,80.23,81.35,80.12,598094
INTERACTIVE STRENGTH INC.,0.99,3.67,0.94,1.041,0.93,7443
INTERCEPT PHARMACEUTICALS INC.,19.0,0.0,19.0,19.01,18.98,3963455
INTERCURE,1.12,12.61,1.15,1.17,1.1,24601
INTERDIGITAL INC.,99.55,0.05,100.0,100.1,98.98,191299
INTERFACE INC.,9.99,0.1,10.05,10.13,9.97,78350
INTERLINK ELECTRONICS INC.,11.88,10.75,11.98,12.0,11.75,7074
INTERNATIONAL BANCSHARES,45.24,10.15,45.71,45.88,45.11,91687
INTERNATIONAL GENERAL INSURANCE HLD.,11.6,12.19,11.86,11.86,11.6,53198
INTERNATIONAL MEDIA ACQUISITION,11.28,0.0,11.6,11.6,11.28,406
INTERNATIONAL MEDIA ACQUISITION,11.26,10.62,11.3,11.3,11.26,598
INTERNATIONAL MONEY EXPRESS,21.26,10.05,21.31,21.36,21.07,148323
INTEVAC INC.,3.95,4.22,3.83,3.97,3.82,49142
INTRA-CELLULAR THERAPIES INC.,59.26,1.25,59.71,60.25,58.34,666350
INTRUSION INC.,0.344,10.29,0.34,0.352,0.33,156799
KALA BIO INC.,6.23,3.32,6.28,6.4,5.95,23389
KALTURA INC.,1.74,10.57,1.73,1.81,1.7,219327
KALVISTA PHARMACEUTICALS INC.,7.58,11.94,7.98,7.98,7.47,195589
KAMADA,4.75,0.0,4.77,4.8,4.73,7466
KANDI TECHNOLOGIES GROUP INC.,2.8,1.08,2.78,2.82,2.73,150132
KANZHUN LTD.,17.32,0.41,17.46,17.49,17.13,3283112
KARAT PACKAGING INC.,21.64,1.12,21.56,22.0,21.42,58579
KAROOOOO,25.35,1.4,24.88,26.49,24.88,29094
KARUNA THERAPEUTICS INC.,188.1,1.51,187.32,188.86,183.62,204413
KARYOPHARM THERAPEUTICS INC.,0.711,13.66,0.738,0.753,0.701,802947
KATAPULT HOLDINGS INC.,9.56,11.95,10.04,10.04,9.5,8049
KAZIA THERAPEUTICS,0.7,1.45,0.7,0.749,0.69,12350
KEARNY FINANCIAL,7.93,1.67,7.91,7.94,7.82,268726
KEEN VISION ACQUISITION,10.3,0.0,10.31,10.31,10.3,17909
KEEN VISION ACQUISITION,10.28,0.0,10.28,10.28,10.28,6632
KELLY SERVICES INC.,21.04,0.24,21.15,21.24,20.94,74478
KELLY SERVICES INC.,20.05,0.0,20.05,20.05,20.05,152
KENTUCKY FIRST FEDERAL BANCORP,4.89,1.24,4.79,5.02,4.79,1791
KERNEL GROUP HLD.,10.65,0.0,10.62,10.65,10.62,4102
KERNEL GROUP HLD.,10.61,0.0,10.62,10.62,10.61,900
KEROS THERAPEUTICS INC.,30.36,11.56,31.28,31.43,30.06,101053
KEURIG DR PEPPER INC.,32.41,1.57,32.06,32.43,32.01,6123937
KEWAUNEE SCIENTIFIC,17.76,0.0,18.01,18.01,17.76,879
KEY TRONIC CORP.,3.96,4.21,3.84,3.98,3.82,6250
KEYARCH ACQUISITION,10.77,0.37,10.77,10.77,10.77,3781
KEYARCH ACQUISITION,10.78,0.0,10.78,10.78,10.78,411
KEZAR LIFE SCIENCES INC.,0.912,3.64,0.89,0.925,0.87,585143
KFORCE INC.,65.93,0.63,65.81,67.02,65.55,60800
KHOSLA VENTURES ACQUISITION CO.,10.6,0.0,10.6,10.6,10.58,2829
KIDPIK CORP.,0.432,4.1,0.42,0.432,0.42,34358
LAUREATE EDUCATION INC.,13.31,0.53,13.28,13.46,13.27,523612
LAVA THERAPEUTICS N.V.,1.48,10.67,1.5,1.5,1.46,3575
LAVORO LTD.,6.65,11.48,6.75,6.8,6.47,16790
LAZYDAYS HOLDINGS INC.,5.67,14.22,5.87,6.16,5.56,284863
LCNB CORP.,14.89,1.29,14.85,14.95,14.74,6854
LEAD REAL ESTATE CO. LTD ADS,6.68,3.09,6.46,6.82,6.16,90463
LEAFLY HOLDINGS INC.,5.1,0.0,5.51,5.51,5.01,4902
LEAP THERAPEUTICS INC.,2.86,17.21,2.45,3.02,2.44,945606
LEE ENTERPRISES INC.,10.09,0.0,10.14,10.14,9.99,4543
LEGACY HOUSING CORP.,22.84,2.06,22.69,22.97,22.67,24045
LEGALZOOM.COM INC.,11.43,0.7,11.48,11.53,11.37,847591
LEGEND BIOTECH CORP.,60.11,5.0,59.0,60.75,58.88,1199672
LEMAITRE VASCULAR INC.,53.34,0.21,53.75,54.52,51.9,124088
LENDINGTREE INC.,15.96,0.0,16.24,16.39,15.75,103875
LENDWAY INC.,4.76,11.24,4.77,4.84,4.66,10736
LENSAR INC.,2.34,10.38,2.13,2.38,2.1,129015
LEONARDO DRS INC.,18.44,11.23,18.56,18.81,18.27,1150812
LESAKA TECHNOLOGIES INC.,3.76,12.34,3.85,3.99,3.76,35634
LESLIE S INC.,5.74,2.14,5.73,5.88,5.63,2336858
LEXARIA BIOSCIENCE,1.32,4.76,1.26,1.39,1.25,86411
LEXEO THERAPEUTICS INC.,10.9,11.0,10.84,11.25,10.51,63519
LEXICON PHARMACEUTICALS INC.,1.1,1.85,1.1,1.15,1.1,994874
LEXINFINTECH HOLDINGS,2.04,10.49,2.07,2.07,1.99,478132
LGI HOMES INC.,119.05,10.34,119.53,122.12,118.88,92707
LI AUTO INC. ADS,40.69,10.27,41.12,41.29,40.03,3475530
LIANBIO ADS,4.16,0.0,4.1,4.21,4.05,154990
LIBERTY BROADBAND,21.72,11.72,21.95,22.0,21.72,23667
LIBERTY BROADBAND,83.37,1.21,82.96,83.94,82.6,70528
LIBERTY BROADBAND,83.54,1.16,83.01,84.28,82.43,861358
LIBERTY GLOBAL PLC,16.81,0.66,16.82,16.91,16.63,1299792
LIBERTY GLOBAL PLC,15.85,15.37,15.85,15.85,15.85,251
LIBERTY GLOBAL PLC,15.83,0.89,15.8,15.95,15.7,1581387
LIBERTY LATIN AMERICA,6.87,0.88,6.89,6.99,6.79,531748
LIBERTY LATIN AMERICA,6.83,0.74,6.88,6.91,6.74,172320
LIBERTY MEDIA CORP.,58.92,1.25,58.59,58.92,58.21,53689
LIBERTY MEDIA CORP.,27.22,0.0,27.22,27.22,27.22,233
LIBERTY MEDIA CORP.,34.3,1.36,34.02,34.6,34.01,117992
LIBERTY MEDIA CORP.,35.28,0.92,35.15,35.63,35.14,397475
LIBERTY MEDIA CORP.,26.76,1.52,26.44,26.76,26.37,531495
LIBERTY MEDIA CORP.,26.72,1.52,26.38,26.75,26.32,775369
LIBERTY MEDIA CORP.,65.32,1.3,65.07,65.34,64.3,759153
LIBERTY RESOURCES ACQUISITION,10.89,0.0,10.89,10.89,10.89,2729
LIBERTY RESOURCES ACQUISITION,11.07,0.0,11.07,11.07,11.07,100
LICHEN CHINA LTD.,1.42,0.71,1.55,1.55,1.41,65365
LIFECORE BIOMEDICAL INC.,7.45,0.27,7.43,7.52,7.35,109169
LIFEMD,18.5,0.54,18.4,18.5,18.28,2634
LIFEMD INC.,6.89,11.57,7.08,7.08,6.86,263672
LIFESTANCE HEALTH GROUP INC.,6.4,3.9,6.25,6.45,6.22,574449
LIFETIME BRANDS INC.,6.76,10.29,6.75,6.8,6.58,25642
LIFEVANTAGE CORP.,5.51,16.29,5.87,5.99,5.48,48005
LIFEWAY FOODS INC.,15.47,0.45,15.4,15.87,15.22,97625
LIGAND PHARMACEUTICALS INC.,59.51,1.76,59.14,60.1,59.1,43390
LIGHT & WONDER INC.,87.39,1.69,86.47,87.5,86.22,496802
LIGHTBRIDGE CORP.,3.54,1.14,3.51,3.67,3.33,77941
LIGHTPATH TECHNOLOGIES INC.,1.22,3.39,1.17,1.22,1.16,15060
LIGHTWAVE LOGIC INC.,4.37,1.16,4.33,4.43,4.31,373177
LILIUM N.V.,0.834,12.34,0.87,0.879,0.825,1242404
LIMBACH HOLDINGS INC.,40.25,4.3,38.82,40.36,38.6,149161
LIMONEIRA CO,15.46,1.84,15.21,15.5,15.19,27919
LINCOLN EDUCATIONAL SERVICES,9.73,1.35,9.67,9.77,9.43,43017
LONGEVERON INC.,1.9,0.53,1.86,1.93,1.84,18449
LOOP INDUSTRIES INC.,3.55,0.0,3.55,3.59,3.55,13939
LOTTERY.COM INC.,1.76,12.76,1.83,1.83,1.76,2605
LPL FINANCIAL HLD.,226.34,10.6,227.7,229.08,225.12,322374
LQR HOUSE INC.,0.041,118.0,0.05,0.052,0.039,54417291
LSI INDUSTRIES INC.,13.25,0.45,13.21,13.51,13.17,194109
LUCID DIAGNOSTICS INC.,1.33,2.31,1.32,1.33,1.3,11593
LUCID GROUP INC.,4.2,10.47,4.23,4.28,4.11,18113747
LUCY SCIENTIFIC DISCOVERY INC.,0.22,4.76,0.225,0.235,0.211,25830
LULU S FASHION LOUNGE HLD.,2.25,0.0,2.21,2.27,2.09,46758
LULULEMON ATHLETICA INC.,428.63,10.4,430.82,435.07,428.27,800639
LUMENTUM HOLDINGS INC.,43.56,1.44,43.34,43.9,43.14,530795
LUMINAR TECHNOLOGIES INC.,2.72,3.82,2.66,2.79,2.63,5442505
LUMIRADX LTD.,0.126,0.8,0.126,0.137,0.121,3533398
LUMOS PHARMA INC.,3.08,0.98,3.0,3.14,2.91,12096
LUNA INNOVATIONS INC.,6.1,6.09,5.86,6.11,5.78,158818
LUOKUNG TECHNOLOGY CORP,0.7,17.29,0.74,0.74,0.697,147926
LUTHER BURBANK CORP.,8.78,0.69,8.78,8.85,8.69,9839
LUXURBAN HOTELS,23.75,0.21,23.12,23.98,23.0,4119
LUXURBAN HOTELS INC.,5.07,10.2,5.1,5.27,5.06,147470
LYELL IMMUNOPHARMA INC.,1.73,11.7,1.81,1.93,1.72,765851
LYFT INC.,10.29,10.87,10.45,10.59,10.27,11184136
LYRA THERAPEUTICS INC.,3.08,11.28,3.14,3.27,3.0,88383
LYTUS TECHNOLOGIES HLD.,0.143,14.03,0.149,0.156,0.135,188942
MACATAWA BANK CORP.,9.64,10.21,9.75,9.75,9.6,18732
MACOM TECHNOLOGY SOLUTIONS HLD.,84.2,1.7,83.29,84.42,82.71,555479
MACROGENICS INC.,7.39,10.27,7.49,7.55,7.3,239586
MADRIGAL PHARMACEUTICALS INC.,190.48,1.08,192.37,196.23,186.56,243124
MAGIC EMPIRE GLOBAL,0.885,13.28,0.918,0.94,0.885,89428
MAGIC SOFTWARE ENTERPRISES,8.52,10.81,8.64,8.65,8.48,15550
MARKETWISE INC.,3.12,0.0,3.15,3.29,3.06,205298
MARPAI INC.,2.08,43.45,1.54,3.46,1.45,48649133
MARQETA INC.,6.22,1.3,6.2,6.31,6.15,3922755
MARRIOTT INTERNATIONAL,209.95,1.33,208.98,210.74,208.25,1241233
MARS ACQUISITION,10.79,0.0,10.79,10.79,10.79,805
MARS ACQUISITION,10.58,0.0,10.58,10.58,10.58,583
MARTEN TRANSPORT,18.71,0.27,18.73,18.92,18.68,120311
MARTIN MIDSTREAM PARTNERS L.P.,2.42,2.54,2.33,2.44,2.33,24495
MARVELL TECHNOLOGY INC.,55.5,1.5,55.08,56.34,55.08,7268147
MASIMO CORP.,92.64,11.85,94.88,95.6,92.48,1757841
MASTERCRAFT BOAT HLD.,20.6,0.1,20.72,21.07,20.58,103319
MATCH GROUP INC.,32.07,0.72,32.1,32.46,31.95,3242491
MATERIALISE NV ADS,6.41,11.54,6.58,6.58,6.38,109526
MATRIX SERVICE CO.,9.92,10.7,9.92,10.27,9.89,155016
MATTEL INC.,18.55,1.98,18.24,18.6,18.21,2391560
MATTERPORT INC.,2.65,1.53,2.63,2.7,2.61,1099143
MATTHEWS INTERNATIONAL,34.86,10.34,35.02,35.37,34.13,129135
MAWSON INFRASTRUCTURE GROUP,0.541,12.52,0.54,0.59,0.53,129489
MAXCYTE INC.,4.5,3.93,4.35,4.5,4.26,572303
MAXEON SOLAR TECHNOLOGIES,4.67,12.51,4.79,5.14,4.66,2260113
MAXLINEAR INC,17.94,1.3,17.81,18.2,17.8,590644
MCGRATH RENTCORP,99.53,1.59,98.8,99.67,98.29,88266
MDB CAPITAL HOLDINGS LLC,10.39,1.17,10.3,10.39,10.26,1834
MDJM LTD,1.47,0.0,1.51,1.51,1.45,402
MDXHEALTH SA ADS,3.19,7.77,2.93,3.4,2.92,30917
MEDALIST DIVERSIFIED REIT,23.5,0.0,23.5,23.5,23.5,1204
MEDALIST DIVERSIFIED REIT INC.,5.33,0.0,5.4,5.4,5.33,881
MEDALLION BANK FIXED-TO-FLOATING RATE N,22.89,1.73,22.5,22.89,22.5,380
MEDALLION FINANCIAL,9.31,0.11,9.35,9.45,9.06,69834
MEDAVAIL HOLDINGS INC.,2.13,110.13,2.32,2.36,2.11,5835
MEDIACO HOLDING INC.,0.53,16.53,0.587,0.587,0.53,5250
MEDICINOVA INC.,1.9,2.15,1.82,1.9,1.76,134950
MEDIGUS LTD. ADS,2.82,0.36,2.9,3.53,2.79,54877
MEDIROM HEALTHCARE TECHNOLOGIES,4.8,14.0,4.82,4.82,4.76,1552
MEDIWOUND,8.7,3.57,8.22,8.88,8.22,21892
MEDPACE HOLDINGS INC.,276.87,0.22,276.33,279.71,275.35,167164
MEI PHARMA INC.,6.18,3.34,6.06,6.19,5.94,73722
MEIHUA INTERNATIONAL MEDICAL TECHNOLOGI,1.65,14.62,1.78,1.78,1.64,196926
MEIRAGTX HOLDINGS PLC,5.41,11.28,5.62,5.79,5.36,94399
MEIWU TECHNOLOGY CO.,0.084,12.33,0.088,0.088,0.083,299257
MELCO RESORTS & ENTERTAINMENT,7.3,1.96,7.15,7.32,7.15,3880861
MERCADOLIBRE INC.,1525.0,1.97,1503.8,1542.45,1503.18,448877
MERCANTILE BANK,34.92,0.06,35.25,35.26,34.63,13040
MERCER INTERNATIONAL INC.,9.87,11.6,10.03,10.12,9.77,246466
MERCHANTS BANCORP,33.72,0.72,33.73,34.2,33.38,130926
MERCHANTS BANCORP 7.00% FIXED-TO-FLOATI,23.94,11.16,24.26,24.4,23.94,3817
MERCHANTS BANCORP DEPOSITARY SHARES,24.31,11.5,24.55,24.95,24.21,8797
MERCHANTS BANCORP DEPOSITARY SHARES,21.75,10.14,21.76,21.84,21.69,23471
MERCHANTS BANCORP DEPOSITARY SHARES 6.0,18.38,0.16,18.37,18.41,18.26,12300
MERCURITY FINTECH HOLDING,0.89,5.95,0.9,0.92,0.86,9118
MERCURY SYSTEMS INC,34.27,10.32,34.36,34.55,33.81,214703
MEREO BIOPHARMA GROUP PLC ADS,2.09,18.33,2.31,2.33,2.06,1355235
MERIDIAN CORP.,12.85,0.0,13.01,13.3,12.8,60148
MERIT MEDICAL SYSTEMS INC.,71.67,10.1,72.26,72.7,71.32,129763
MERRIMACK PHARMACEUTICALS INC.,12.81,0.31,12.84,12.93,12.77,36513
MERSANA THERAPEUTICS INC.,1.5,15.06,1.6,1.64,1.48,838999
MERUS N.V.,23.64,10.08,23.99,24.17,23.47,180488
MESA AIR GROUP INC.,0.7,1.74,0.708,0.71,0.672,238281
MESA LABORATORIES INC.,87.87,10.77,90.03,90.58,87.0,65447
MESOBLAST LTD.,1.34,10.74,1.29,1.34,1.26,264272
MILL CITY VENTURES III,2.58,0.0,2.58,2.58,2.58,177
MILLENNIUM GROUP INTERNATIONAL HLD.,0.97,0.41,1.01,1.01,0.925,15507
MILLERKNOLL INC.,25.7,10.5,26.12,26.31,25.54,286669
MILLICOM INTERNATIONAL CELLULAR S.A.,16.44,0.86,16.42,16.51,16.37,55575
MIMEDX GROUP INC,7.57,4.99,7.29,7.64,7.16,610926
MIND C.T.I.,1.91,0.53,1.91,1.91,1.87,24453
MIND MEDICINE (MINDMED) INC.,2.75,2.61,2.71,2.79,2.69,265142
MIND TECHNOLOGY,12.13,10.16,12.14,12.15,11.95,1462
MIND TECHNOLOGY INC.,4.91,13.73,4.99,5.05,4.81,4561
MINERALYS THERAPEUTICS INC.,5.96,11.0,6.15,6.15,5.85,637910
MINERVA NEUROSCIENCES INC,5.02,0.4,4.97,5.03,4.92,6871
MINERVA SURGICAL INC.,1.75,0.0,1.75,1.9,1.71,26291
MINGZHU LOGISTICS HLD.,0.54,13.57,0.565,0.58,0.54,11114
MINIM INC.,0.8,2.56,0.78,0.8,0.78,878
MINK THERAPEUTICS INC.,1.05,0.96,1.07,1.07,1.03,18878
MIRA PHARMACEUTICALS INC.,3.19,118.21,3.79,4.14,2.92,152917
MIRATI THERAPEUTICS INC.,56.88,0.73,56.57,56.9,56.51,685084
MIROMATRIX MEDICAL INC.,3.33,10.6,3.33,3.35,3.33,24139
MIRUM PHARMACEUTICALS INC.,32.0,0.0,31.86,32.44,31.55,291660
MISSION PRODUCE INC.,8.89,1.37,8.87,9.05,8.86,100094
MITEK SYSTEMS INC.,11.06,10.9,11.18,11.33,11.0,143403
MKS INSTRUMENTS INC.,77.77,2.53,76.74,78.15,76.17,550784
MMTEC INC.,0.98,11.11,0.98,1.02,0.977,518492
MOBILE GLOBAL ESPORTS INC.,0.349,17.18,0.357,0.4,0.31,162315
MOBILEYE GLOBAL INC.,43.4,1.69,42.96,43.96,42.46,1397011
MOBILICOM LTD.,1.3,12.26,1.34,1.36,1.26,25131
MOBIQUITY TECHNOLOGIES INC.,0.421,12.09,0.451,0.488,0.404,34329
MOBIV ACQUISITION CORP,4.15,11.89,4.31,4.75,4.14,14642
MOBIV ACQUISITION CORP UNIT,4.13,0.0,4.11,4.13,4.11,307
MODERNA INC.,78.17,1.34,78.06,78.67,76.83,2203917
MODIVCARE INC.,38.59,1.34,38.38,39.28,38.13,101279
MODULAR MEDICAL INC.,1.06,2.91,1.02,1.11,1.0,49322
MOGO INC.,1.21,1.68,1.2,1.22,1.16,50389
MOLECULAR PARTNERS AG ADS,4.34,0.0,4.23,4.44,4.13,7876
MOLECULAR TEMPLATES INC.,4.84,0.41,5.06,5.06,4.83,1885
MOLECULIN BIOTECH INC.,0.551,5.56,0.521,0.57,0.521,85193
MOMENTUS INC.,3.04,4.47,2.92,3.16,2.78,606019
MONARCH CASINO & RESORT INC.,64.59,0.3,64.72,65.18,64.4,37777
MONDAY.COM,175.0,2.58,172.02,176.99,170.76,1380257
MONDEE HOLDINGS INC.,2.87,0.0,2.97,2.97,2.84,148541
MONDELEZ INTERNATIONAL INC.,71.49,0.73,71.32,71.75,71.17,3647082
MONEYHERO LTD.,2.02,40.28,1.45,2.08,1.41,6368674
MONGODB INC.,405.07,10.11,409.77,410.07,398.92,936414
MONOGRAM ORTHOPAEDICS INC.,3.01,14.14,3.08,3.1,3.01,31113
MONOLITHIC POWER SYSTEMS INC.,546.07,1.48,543.57,554.17,543.26,288689
MONOPAR THERAPEUTICS INC.,0.309,5.1,0.294,0.309,0.287,54901
MONRO INC.,29.02,1.29,28.81,29.19,28.55,306941
MONROE CAPITAL CORP.,7.01,10.71,7.05,7.13,7.01,78087
MONSTER BEVERAGE,55.22,0.77,55.32,55.61,55.0,4756325
MONTAUK RENEWABLES INC.,9.1,11.62,9.32,9.41,9.07,135819
MONTE ROSA THERAPEUTICS INC.,2.98,0.0,3.09,3.13,2.96,98827
MONTEREY CAPITAL ACQUISITION,10.8,10.09,10.77,10.83,10.77,380
MONTEREY CAPITAL ACQUISITION,10.88,0.0,10.88,10.88,10.88,102
MONTEREY INNOVATION ACQUISITION,10.41,0.0,10.41,10.41,10.41,100
MONTEREY INNOVATION ACQUISITION,11.14,0.0,11.16,11.16,11.14,4238
MOOLEC SCIENCE SA,2.58,1.98,2.6,2.6,2.51,818
MOONLAKE IMMUNOTHERAPEUTICS,45.31,5.69,43.22,45.98,41.65,765519
MORINGA ACQUISITION CORP,10.85,0.0,10.86,10.86,10.85,201
MORINGA ACQUISITION CORP UNITS,10.94,0.0,10.8,10.94,10.8,225
MORNINGSTAR INC.,276.45,0.57,275.67,276.99,274.54,186462
NEW PROVIDENCE ACQUISITION,10.49,10.38,10.49,10.49,10.49,246
NEW YORK MORTGAGE TRUST,16.2,0.31,16.19,16.36,16.15,11335
NEW YORK MORTGAGE TRUST,18.75,0.37,18.89,19.0,18.7,59742
NEW YORK MORTGAGE TRUST,22.1,1.42,21.98,22.1,21.94,7223
NEW YORK MORTGAGE TRUST,19.86,1.22,19.55,19.86,19.55,8885
NEW YORK MORTGAGE TRUST INC.,8.63,0.47,8.64,8.7,8.6,373250
NEWAMSTERDAM PHARMA CO.,9.89,10.9,10.0,10.0,9.67,12375
NEWBURY STREET ACQUISITION,10.64,0.0,10.64,10.64,10.64,401
NEWBURY STREET ACQUISITION,10.63,0.57,10.57,11.83,10.57,10646
NEWCOURT ACQUISITION CORP ORD.,14.55,27.07,11.49,14.55,11.49,8232
NEWCOURT ACQUISITION CORP UNIT,12.61,11.1,11.56,12.61,11.56,507
NEWEGG COMMERCE INC.,0.942,4.67,0.93,0.98,0.915,932670
NEWELL BRANDS INC.,7.51,2.18,7.43,7.55,7.37,2561057
NEWMARK GROUP INC.,7.92,1.67,7.9,8.0,7.79,922879
NEWS CORP.,22.84,2.1,22.51,22.86,22.49,1028181
NEWS CORP.,21.95,2.33,21.6,21.97,21.56,2391773
NEWTEKONE,23.43,10.72,23.5,23.59,23.43,3238
NEWTEKONE,24.62,0.24,24.66,24.66,24.62,305
NEWTEKONE,24.78,10.04,24.8,24.85,24.78,2712
NEWTEKONE INC.,12.99,10.99,13.24,13.24,12.95,88731
NEXALIN TECHNOLOGY INC.,0.349,15.68,0.366,0.366,0.34,94694
NEXGEL INC,1.84,1.1,1.79,1.84,1.78,7790
NEXIMMUNE INC.,1.92,16.34,2.04,2.05,1.91,12829
NEXSTAR MEDIA GROUP INC.,149.44,10.13,150.39,151.88,148.3,193846
NEXT.E.GO N.V.,0.489,6.3,0.46,0.489,0.44,84235
NEXTCURE INC.,1.25,1.63,1.27,1.27,1.24,21949
NEXTDECADE CORP.,4.51,13.84,4.64,4.68,4.5,1167649
NEXTGEN HEALTHCARE INC.,23.94,0.0,23.92,23.95,23.92,3498562
NEXTNAV INC.,4.34,13.56,4.46,4.5,4.22,836808
NEXTPLAT CORP,1.51,11.95,1.54,1.59,1.5,5874
OCUGEN INC.,0.389,0.52,0.386,0.39,0.373,941516
OCULAR THERAPEUTIX INC.,2.23,1.83,2.23,2.31,2.2,459684
OCULIS HOLDING AG,9.85,1.55,9.81,9.9,9.81,1716
OCUPHIRE PHARMA INC.,2.81,11.4,2.81,2.91,2.75,236295
ODDITY TECH,34.03,15.73,36.43,37.12,33.53,431328
ODYSSEY MARINE EXPLORATION,3.32,14.6,3.48,3.62,3.24,56670
OFFICE PROPERTIES,13.34,12.49,13.67,13.67,13.25,15863
OFFICE PROPERTIES INCOME TRUST,5.17,3.19,5.07,5.17,5.0,541078
OFS CAPITAL CORP.,21.47,0.0,21.45,21.47,21.45,1702
OFS CAPITAL CORP.,10.44,1.56,10.27,10.5,10.27,34371
OFS CREDIT CO.,6.04,1.0,6.06,6.06,5.99,41333
OFS CREDIT CO.,23.25,0.09,23.25,23.25,23.25,466
OFS CREDIT CO.,22.1,0.0,22.1,22.1,22.1,1417
OHIO VALLEY BANC,23.0,1.05,22.26,23.35,22.26,1652
OHMYHOME LTD.,1.85,5.71,1.87,1.87,1.76,6229
OKTA INC.,71.93,1.28,70.86,73.07,70.36,1904898
OKYO PHARMA LTD.,1.7,1.19,1.65,1.72,1.64,19135
OLAPLEX HOLDINGS INC.,1.93,2.12,1.9,1.98,1.88,995317
OLD DOMINION FREIGHT LINE INC.,403.75,10.28,408.1,411.43,403.15,400054
OLD NATIONAL BANCORP,14.65,0.07,14.76,14.87,14.6,1168424
OLD NATIONAL BANCORP DEPOSITARY SHARES,23.42,11.39,23.35,23.64,23.35,2162
OLD NATIONAL BANCORP DEPOSITARY SHARES,23.97,2.09,23.35,23.97,23.35,5688
OLD POINT FINANCIAL,17.75,0.0,17.75,17.75,17.75,283
OLD SECOND BANCORP INC.,14.5,10.21,14.61,14.64,14.46,116034
OLEMA PHARMACEUTICALS INC.,13.75,13.17,14.26,14.3,13.62,798930
OLINK HOLDING AB (PUBL) ADS,25.84,0.0,25.85,25.87,25.82,232998
OLLIE S BARGAIN OUTLET HLD.,78.21,1.45,77.53,78.33,76.95,609391
OLYMPIC STEEL INC.,54.27,10.6,54.29,54.69,53.6,46389
OMEGA FLEX INC.,68.74,2.41,67.13,68.74,67.13,2896
OMEGA THERAPEUTICS INC.,1.84,13.66,1.9,1.93,1.8,58040
OMEROS CORP.,1.8,7.14,1.72,1.81,1.66,518654
OMNIAB INC.,4.4,11.57,4.5,4.51,4.37,472508
OMNICELL INC.,33.62,3.54,32.92,33.76,32.86,427973
OMNILIT ACQUISITION,9.1,0.0,9.6,9.6,8.64,4463
OMNIQ CORP.,0.63,18.87,0.53,0.65,0.53,89003
ON SEMICONDUCTOR,68.56,0.25,68.88,69.82,68.24,4376145
ONCOCYTE CORP.,3.97,10.5,4.12,4.12,3.94,4840
ONCOLYTICS BIOTECH INC.,1.6,3.23,1.55,1.61,1.53,438175
ONCONOVA THERAPEUTICS INC.,0.655,2.34,0.656,0.66,0.64,18295
ONCTERNAL THERAPEUTICS INC.,0.325,19.72,0.34,0.34,0.321,145232
ONDAS HOLDINGS INC.,1.26,11.5,1.16,1.27,1.05,791747
ONE STOP SYSTEMS INC.,2.03,11.46,2.06,2.1,2.02,4959
ONEMEDNET CORP,4.1,13.53,3.91,4.46,3.81,6266
ONESPAN INC.,10.03,0.0,10.14,10.19,10.02,299444
ONESPAWORLD HOLDINGS,11.64,2.83,11.45,11.66,11.43,389364
ONEWATER MARINE INC.,26.37,0.53,26.51,27.08,26.3,29899
ONFOLIO HOLDINGS INC.,0.541,13.39,0.6,0.6,0.521,27460
ONTRAK INC.,0.57,1.24,0.577,0.6,0.56,10410
ONYX ACQUISITION CO. I,10.95,0.0,10.95,10.95,10.95,628
ONYX ACQUISITION CO. I UNIT,11.0,0.0,11.0,11.0,11.0,225
OP BANCORP,8.65,0.58,8.62,8.8,8.61,36602
OPAL FUELS INC.,5.9,0.0,5.9,6.21,5.78,133370
OPEN LENDING CORP.,6.37,5.64,6.16,6.5,6.01,804102
OPEN TEXT CORP.,38.72,10.08,38.97,39.02,38.55,647996
OPENDOOR TECHNOLOGIES INC,2.45,4.7,2.38,2.51,2.36,12405079
OPERA LTD.,12.15,0.41,12.1,12.3,12.1,185090
OPGEN INC.,0.416,1.46,0.445,0.454,0.415,235288
OPKO HEALTH INC.,1.53,2.0,1.53,1.57,1.51,1858835
OPORTUN FINANCIAL,2.16,13.14,2.25,2.25,2.14,201660
OPTEX SYSTEMS HLD.,4.23,1.93,4.11,4.24,4.11,1386
OUTLOOK THERAPEUTICS INC.,0.451,4.88,0.443,0.46,0.422,2343355
OUTSET MEDICAL INC.,5.11,5.8,4.94,5.18,4.89,379000
OVID THERAPEUTICS INC.,3.34,1.83,3.32,3.42,3.29,93761
OXBRIDGE RE HOLDINGS,1.09,10.91,1.22,1.22,1.07,9335
OXFORD LANE CAPITAL,22.77,0.31,22.7,22.77,22.7,932
OXFORD LANE CAPITAL,22.83,0.26,22.83,22.83,22.83,693
OXFORD LANE CAPITAL,23.05,10.35,22.92,23.1,22.53,2580
OXFORD LANE CAPITAL,4.91,11.21,4.97,4.98,4.89,1895233
OXFORD LANE CAPITAL,22.88,10.44,22.75,22.89,22.74,3400
OXFORD LANE CAPITAL,24.82,0.16,24.76,24.82,24.76,7652
OXFORD LANE CAPITAL,21.36,11.11,21.36,21.36,21.36,200
OXFORD SQUARE CAPITAL,2.87,10.35,2.9,2.91,2.87,164397
OXFORD SQUARE CAPITAL,25.17,10.16,25.18,25.18,25.16,8801
OXFORD SQUARE CAPITAL,21.95,1.15,21.54,21.95,21.52,3770
OXFORD SQUARE CAPITAL,23.68,0.55,23.51,23.77,23.51,3363
OXUS ACQUISITION,11.2,0.0,11.2,11.2,11.2,76810
OXUS ACQUISITION,10.95,0.0,10.95,10.95,10.95,600
P & F INDUSTRIES INC.,12.9,0.0,12.9,12.9,12.89,1429
P.A.M. TRANSPORTATION SERVICES,19.2,10.52,19.5,19.5,19.1,7161
P3 HEALTH PARTNERS INC.,1.14,0.0,1.16,1.16,1.1,111144
PACCAR INC.,91.24,10.21,91.28,91.57,90.45,1566876
PACIFIC BIOSCIENCES OF CALIFORNIA,8.36,0.97,8.41,8.58,8.23,3893741
PACIFIC PREMIER BANCORP INC,23.13,0.35,23.36,23.57,22.99,462520
PACIRA BIOSCIENCES INC.,26.69,0.11,26.88,27.07,26.31,347661
PACTIV EVERGREEN INC.,11.32,1.07,11.3,11.46,11.24,151599
PACWEST BANCORP,8.11,10.12,8.14,8.25,8.03,2976877
PACWEST BANCORP DEPOSITARY SHARES,20.66,11.2,21.12,21.12,20.6,40860
PAGAYA TECHNOLOGIES,1.41,6.02,1.4,1.46,1.35,7462702
PAINREFORM,2.15,4.37,2.06,2.21,1.87,13203
PALISADE BIO INC.,0.579,11.86,0.58,0.59,0.563,53770
PALO ALTO NETWORKS INC.,263.14,10.34,265.0,268.1,262.07,2753104
PALOMAR HOLDINGS INC.,58.24,12.3,59.25,59.36,57.4,147385
PALTALK INC.,1.74,0.0,1.74,1.74,1.7,11152
PANBELA THERAPEUTICS INC.,0.511,0.79,0.515,0.547,0.48,149155
PANGAEA LOGISTICS SOLUTIONS,7.04,0.28,7.01,7.08,6.98,104229
PAPA JOHN S INTERNATIONAL INC.,66.91,1.5,66.14,67.61,66.14,321398
PAPAYA GROWTH OPPORTUNITY,10.78,0.0,10.78,10.78,10.78,244
PAPAYA GROWTH OPPORTUNITY,10.72,0.0,10.71,10.72,10.71,1024
PARAMOUNT GLOBAL,17.88,0.45,18.0,18.0,17.72,60716
PARAMOUNT GLOBAL,14.16,0.71,14.2,14.24,14.05,15805675
PARAMOUNT GLOBAL 5.75% SERIES A MANDATO,19.41,1.73,19.1,19.41,19.1,54871
PARANOVUS ENTERTAINMENT TECHNOLOGY,2.2,13.51,2.27,2.35,2.2,2149
PARAZERO TECHNOLOGIES,0.874,13.96,0.93,0.93,0.87,155006
PARK-OHIO HOLDINGS,22.64,11.48,22.98,23.3,22.32,54987
PARKE BANCORP INC.,17.87,1.36,17.82,17.88,17.64,5671
PARTNERS BANCORP,7.04,0.57,6.92,7.04,6.92,2566
PASITHEA THERAPEUTICS,0.3,16.83,0.337,0.342,0.3,20304
PASSAGE BIO INC.,0.613,11.13,0.601,0.631,0.59,207961
PATHFINDER BANCORP INC.,12.79,11.39,13.0,13.0,12.51,4550
PATHWARD FINANCIAL INC.,49.64,10.1,50.07,50.2,49.28,142371
PATRIA INVESTMENTS,14.19,0.28,14.27,14.34,14.16,196411
PATRIA LATIN AMERICAN OPPORTUNITY ACQUI,11.04,0.0,11.03,11.04,11.03,38320
PATRIA LATIN AMERICAN OPPORTUNITY ACQUI,11.08,0.0,11.08,11.08,11.08,600
PATRICK INDUSTRIES INC.,84.21,0.35,84.91,85.15,83.64,92281
PATRIOT NATIONAL BANCORP INC.,4.95,15.71,5.02,5.02,4.95,31797
PATRIOT TRANSPORTATION HOLDING,15.7,10.13,15.69,15.7,15.69,5520
PATTERSON COMPANIES INC.,32.31,0.09,32.3,32.49,32.05,517616
PATTERSON-UTI ENERGY INC.,11.91,10.08,11.61,11.96,11.44,5995783
PAVMED INC.,0.215,3.87,0.21,0.23,0.21,413649
PAXMEDICA INC.,1.02,27.5,0.909,1.29,0.89,32659826
PAYCHEX INC.,118.95,0.5,119.35,119.89,118.25,2495315
PAYCOR HCM INC.,20.3,0.5,20.47,20.59,20.18,320477
PAYLOCITY HOLDING,151.09,0.51,151.95,151.95,149.06,462568
PAYONEER GLOBAL INC.,5.38,10.37,5.43,5.5,5.36,1207891
PAYPAL HOLDINGS INC.,56.34,1.7,55.79,56.74,55.62,11456893
PAYSIGN INC.,2.34,12.5,2.4,2.43,2.32,77137
PB BANKSHARES INC.,11.75,10.42,11.8,11.8,11.73,1402
PC CONNECTION INC.,60.63,10.79,61.31,62.1,60.33,32836
PCB BANCORP,15.82,1.93,15.69,15.84,15.35,15379
PCTEL INC.,6.89,0.15,6.89,6.89,6.88,76507
PDD HOLDINGS INC. ADS,117.44,0.09,118.64,119.01,116.01,5516146
PDF SOLUTIONS INC.,30.84,10.16,31.18,31.55,30.79,119958
PDS BIOTECHNOLOGY,6.16,11.75,6.29,6.39,5.95,435477
PEAPACK-GLADSTONE FINANCIAL,25.44,0.79,25.54,25.68,25.28,28229
PEARL HLD.,10.78,10.19,10.79,10.79,10.78,12636
PEARL HLD.,10.84,0.0,10.84,10.84,10.84,250
PEGASYSTEMS INC.,52.14,0.73,52.19,52.67,51.58,243182
PELOTON INTERACTIVE INC.,5.31,0.0,5.37,5.55,5.28,5451783
PENN ENTERTAINMENT INC.,25.84,1.89,25.7,26.08,25.43,3386131
PENNS WOODS BANCORP INC.,20.36,10.63,20.4,20.54,20.26,7994
PEOPLES BANCORP INC.,29.43,0.2,29.62,29.68,29.37,48489
PEOPLES BANCORP OF NORTH CAROLINA,27.0,0.0,27.0,27.0,26.85,2512
PEOPLES FINANCIAL SERVICES,42.8,0.75,42.45,43.05,42.33,15456
PEPGEN INC.,4.67,0.21,4.75,4.75,4.41,35052
PEPPERLIME HEALTH ACQUISITION,10.9,0.0,10.8,10.9,10.8,11253
PEPPERLIME HEALTH ACQUISITION,0.025,137.5,0.027,0.027,0.025,1662
PEPPERLIME HEALTH ACQUISITION,10.65,0.0,10.65,10.65,10.65,100
PEPSICO INC.,169.22,0.85,168.35,169.57,168.3,3235732
PERASO INC.,0.195,4.28,0.2,0.2,0.171,345606
PERCEPTION CAPITAL,10.53,0.0,10.51,10.53,10.5,1160
PLUTONIAN ACQUISITION,10.8,0.0,10.8,10.8,10.8,3040
PLUTONIAN ACQUISITION,10.59,0.0,10.59,10.59,10.59,1558
PMV PHARMACEUTICALS INC.,2.23,10.89,2.26,2.34,2.19,359888
PODCASTONE INC.,2.38,4.39,2.31,2.41,2.3,22516
POET TECHNOLOGIES INC.,1.35,35.0,0.98,1.39,0.98,188717
POINT BIOPHARMA GLOBAL INC.,13.6,10.8,13.89,13.9,13.55,2495960
POLAR POWER INC.,0.77,11.28,0.78,0.837,0.768,16340
POLESTAR AUTOMOTIVE HOLDING UK,0.31,16.91,0.32,0.33,0.31,31260
POLESTAR AUTOMOTIVE HOLDING UK,2.06,1.48,2.04,2.12,2.04,1655618
POLYPID,3.95,13.89,3.95,3.95,3.95,613
PONCE FINANCIAL GROUP INC.,9.09,11.84,9.32,9.33,9.05,72422
PONO CAPITAL THREE INC.,10.54,0.19,10.52,10.54,10.52,677591
PONO CAPITAL THREE INC. UNIT,10.54,0.0,10.62,10.62,10.54,9429
PONO CAPITAL TWO INC.,10.65,10.09,10.7,10.7,10.65,11302
PONO CAPITAL TWO INC. UNIT,10.67,0.0,10.67,10.67,10.67,305
POOL CORP.,356.26,1.1,354.87,357.86,353.01,248628
POP CULTURE GROUP CO. LTD,1.8,5.26,1.72,1.8,1.71,1889
POPULAR,24.85,0.0,24.81,24.88,24.81,2008
POPULAR INC.,72.19,0.73,72.21,72.44,71.6,216116
PORCH GROUP INC.,1.36,3.82,1.3,1.37,1.26,1237152
PORTAGE BIOTECH INC.,1.42,12.07,1.44,1.61,1.31,18223
PORTILLO S INC.,14.87,2.2,14.73,15.18,14.6,529652
PORTMAN RIDGE FINANCE,16.76,0.18,16.56,17.0,16.56,25068
POSEIDA THERAPEUTICS INC.,2.61,0.0,2.65,2.78,2.54,517563
POTBELLY CORP.,9.35,10.53,9.5,9.5,9.18,118027
POTLATCHDELTIC CORP.,47.65,1.43,47.44,47.69,47.26,128460
POWELL INDUSTRIES INC.,83.52,0.35,83.52,84.38,82.15,66775
POWER & DIGITAL INFRASTRUCTURE ACQUISIT,10.68,0.0,10.69,10.73,10.68,11620
POWER & DIGITAL INFRASTRUCTURE ACQUISIT,10.75,0.0,10.75,10.75,10.75,1500
REVELSTONE CAPITAL ACQUISITION,10.68,10.19,10.68,10.68,10.68,106
REVELSTONE CAPITAL ACQUISITION,10.69,0.0,10.69,10.69,10.69,500
REVIVA PHARMACEUTICALS HLD.,4.53,1.57,4.44,4.64,4.41,409646
REVOLUTION MEDICINES INC.,21.44,3.13,21.19,21.45,20.86,521517
REWALK ROBOTICS,0.75,2.74,0.73,0.75,0.725,236121
REYNOLDS CONSUMER PRODUCTS,26.01,12.11,26.01,26.25,25.8,433911
REZOLUTE INC.,0.767,14.6,0.8,0.8,0.757,72892
RF ACQUISITION,10.74,0.0,10.78,10.78,10.74,550
RF ACQUISITION CORP.,10.67,0.0,10.67,10.67,10.67,25002
RF INDUSTRIES LTD.,2.68,3.88,2.57,2.7,2.56,17180
RGC RESOURCES INC.,17.76,3.62,17.31,17.76,17.31,9082
RHINEBECK BANCORP INC.,6.47,0.0,6.47,6.47,6.47,222
RHYTHM PHARMACEUTICALS INC.,33.53,0.36,34.01,34.29,32.69,501969
RIBBON COMMUNICATIONS INC.,2.07,10.48,2.09,2.12,2.06,192390
RICHARDSON ELECTRONICS,11.79,0.0,11.8,11.91,11.75,32150
RICHMOND MUTUAL BANCORP.,11.17,3.33,11.0,11.18,10.89,2632
RICHTECH ROBOTICS INC.,5.21,16.13,5.37,5.6,5.21,225445
RIGEL PHARMACEUTICALS INC.,0.95,5.09,0.947,0.979,0.91,393484
RIGETTI COMPUTING,0.16,0.63,0.16,0.16,0.16,679
RIGETTI COMPUTING INC.,1.05,2.94,1.03,1.1,1.03,1674729
RIMINI STREET INC.,3.05,10.33,3.1,3.13,3.0,211974
RIOT PLATFORMS INC.,11.6,3.85,11.28,11.65,10.67,20931445
RISKON INTERNATIONAL INC.,0.373,12.1,0.38,0.4,0.37,15143
RIVERVIEW BANCORP INC,5.85,0.86,5.89,5.89,5.7,6892
RIVIAN AUTOMOTIVE INC.,15.98,1.65,15.97,16.14,15.73,20241155
RMG ACQUISITION,10.67,0.0,10.67,10.67,10.67,102
RMG ACQUISITION,11.2,2.94,11.2,11.2,11.2,101
ROADZEN INC.,4.86,8.24,4.35,4.86,4.21,23583
ROBINHOOD MARKETS INC.,8.22,3.01,8.03,8.26,7.98,8533534
ROCKET LAB USA INC.,4.26,1.19,4.22,4.31,4.19,2594577
SEAPORT GLOBAL ACQUISITION II,10.78,0.0,10.78,10.78,10.78,7759
SEASTAR MEDICAL HOLDING,0.39,17.8,0.429,0.45,0.383,3132747
SECOO HOLDING LTD.,0.501,13.65,0.51,0.55,0.5,145466
SECUREWORKS CORP.,6.0,0.67,5.98,6.04,5.88,30577
SECURITY NATIONAL FINANCIAL,7.9,10.38,7.88,7.94,7.79,7388
SEELOS THERAPEUTICS INC.,0.17,30.77,0.13,0.18,0.13,10468996
SEER INC.,1.64,1.23,1.65,1.75,1.59,606073
SEI INVESTMENTS CO.,57.71,0.07,57.67,58.1,57.6,443763
SELECTIVE INSURANCE GROUP,16.66,0.36,16.72,16.84,16.5,10630
SELECTIVE INSURANCE GROUP INC.,102.75,0.58,102.61,103.31,102.1,216691
SELINA HOSPITALITY PLC,0.271,1.5,0.266,0.282,0.26,81849
SELLAS LIFE SCIENCES GROUP,1.01,4.12,0.99,1.05,0.94,341343
SEMANTIX INC.,0.859,3.49,0.81,0.97,0.81,13054
SEMILEDS CORP.,1.05,11.87,1.04,1.05,1.04,2509
SEMLER SCIENTIFIC INC.,36.94,0.03,37.57,38.09,36.46,22010
SEMPER PARATUS ACQUISITION,10.99,0.27,10.99,10.99,10.99,5661
SEMPER PARATUS ACQUISITION,10.95,0.0,10.95,10.95,10.95,270
SEMTECH CORP.,15.77,4.71,15.32,15.86,15.14,1068914
SENECA FOODS CORP.,47.6,10.67,47.95,48.44,46.12,65182
SENECA FOODS CORP.,46.86,16.09,46.86,46.86,46.86,550
SENESTECH INC.,2.46,112.14,2.75,2.77,2.46,109933
SENMIAO TECHNOLOGY,0.287,10.81,0.262,0.287,0.238,13895
SENSEI BIOTHERAPEUTICS INC.,0.656,10.61,0.631,0.67,0.6,62720
SENSTAR TECHNOLOGIES,1.19,4.39,1.12,1.25,1.12,12720
SENSUS HEALTHCARE INC.,2.29,9.57,2.12,2.29,2.12,64985
SENTAGE HOLDINGS INC.,1.74,0.0,1.69,1.74,1.49,3074
SENTI BIOSCIENCES INC.,0.35,14.63,0.38,0.38,0.333,199208
SEP ACQUISITION CORP,10.6,0.0,10.6,10.6,10.6,17468
SEP ACQUISITION CORP UNIT,9.75,0.0,10.15,10.15,9.75,1000
SERA PROGNOSTICS INC.,1.88,4.44,1.8,1.88,1.8,859
SERES THERAPEUTICS INC.,1.12,7.69,1.07,1.13,1.0,3182150
SERVICE PROPERTIES TRUST SHARES OF BENE,7.12,0.85,7.12,7.19,7.06,489715
SEVEN HILLS REALTY TRUST,11.21,0.63,11.19,11.22,11.07,42789
SEZZLE INC.,10.66,4.51,10.0,11.48,9.9,29452
SHAPEWAYS HOLDINGS INC.,2.0,13.85,2.07,2.07,1.95,6812
SHARECARE INC.,0.945,1.61,0.936,0.958,0.92,476055
SHARPLINK GAMING,1.48,112.94,1.68,1.68,1.42,8873
SHARPS TECHNOLOGY INC.,0.443,11.56,0.49,0.49,0.417,134129
SHATTUCK LABS INC.,2.33,1.75,2.25,2.39,2.25,12210
SHENANDOAH TELECOM CO,23.12,0.04,23.31,23.47,22.89,62406
SHENGFENG DEVELOPMENT,12.78,14.2,13.22,13.5,11.6,143575
SHF HOLDINGS INC.,0.732,2.09,0.7,0.75,0.7,68009
SHIFTPIXY INC.,6.58,5.45,6.12,6.74,6.11,48962
SHIMMICK CORP.,5.81,110.62,6.31,6.54,5.81,27830
SHINECO INC.,0.104,12.8,0.11,0.11,0.102,221588
SHL TELEMEDICINE LTD ADS,8.9,11.0,8.9,8.9,8.9,201
SHOALS TECHNOLOGIES GROUP INC.,14.4,2.27,14.23,14.63,14.19,2939054
SHOCKWAVE MEDICAL INC.,174.04,0.77,172.97,175.86,170.33,477906
SHOE CARNIVAL INC.,23.63,10.38,23.74,24.08,23.53,151946
SHORE BANCSHARES INC.,11.95,0.5,12.03,12.11,11.9,32084
SHUAA PARTNERS ACQUISITION CORP I ORD.,10.96,0.0,11.02,11.02,10.96,21198
SHUAA PARTNERS ACQUISITION CORP I UNIT,11.01,0.0,11.01,11.01,11.01,1700
SHUTTLE PHARMACEUTICALS HLD.,0.5,0.4,0.505,0.512,0.486,13178
SI-BONE INC.,17.93,2.75,17.72,18.1,17.37,232674
SIDUS SPACE INC.,0.06,3.45,0.059,0.063,0.058,2515431
SIEBERT FINANCIAL,1.9,0.0,1.94,1.94,1.9,2224
SIENTRA INC.,0.755,10.66,0.757,0.8,0.75,51267
SIERRA BANCORP,18.5,0.6,18.55,18.58,18.26,12225
SIFY TECHNOLOGIES,1.6,3.9,1.51,1.6,1.51,22678
SIGA TECHNOLOGIES INC.,5.34,3.29,5.24,5.37,5.2,240556
SKYWEST INC.,46.31,10.41,47.27,48.25,46.14,297734
SKYWORKS SOLUTIONS INC.,94.27,0.63,94.93,95.65,94.22,1410845
SKYX PLATFORMS CORP.,1.56,10.64,1.6,1.65,1.51,84015
SLAM,10.86,0.0,10.85,10.86,10.85,109405
SLAM CORP. UNIT,10.88,0.0,10.88,10.88,10.88,972
SLEEP NUMBER CORP.,10.18,19.11,11.21,11.75,9.98,1509040
SLM CORP.,66.81,0.09,66.9,66.9,66.81,805
SLM CORP.,14.36,2.94,13.98,14.4,13.93,1453273
SLR INVESTMENT,14.89,10.53,14.94,15.02,14.86,224917
SMART FOR LIFE INC.,1.67,0.0,1.75,1.75,1.65,23087
SMART GLOBAL HLD.,16.37,0.43,16.5,16.74,16.32,298207
SMART POWERR CORP.,1.11,1.83,1.13,1.13,1.05,10806
SMART SAND INC.,1.96,12.49,1.99,1.99,1.93,204362
SMART SHARE GLOBAL,0.781,14.35,0.68,0.781,0.662,14259
SMARTFINANCIAL INC.,21.29,0.14,21.52,21.59,21.07,9803
SMITH & WESSON BRANDS INC.,14.04,0.65,14.02,14.17,13.97,285737
SMITH MICRO SOFTWARE INC.,0.714,10.14,0.72,0.72,0.684,278758
SMITH-MIDLAND CORP.,27.75,4.21,26.94,27.75,26.41,18060
SMX (SECURITY MATTERS) PUBLIC,1.0,19.09,1.06,1.12,1.0,91075
SNAIL INC.,1.37,3.01,1.29,1.37,1.24,5067
SNAP ONE HOLDINGS,7.45,11.19,7.58,7.78,7.17,35908
SNDL INC.,1.48,0.0,1.51,1.51,1.46,1389480
SNOW LAKE RESOURCES,0.733,2.23,0.72,0.755,0.7,18464
SO-YOUNG INTERNATIONAL,1.23,10.81,1.24,1.25,1.18,84502
SOBR SAFE INC.,0.577,4.91,0.55,0.61,0.55,129586
SOCIAL LEVERAGE ACQUISITION CORP I,10.24,0.1,10.27,10.27,10.24,7409
SOCIAL LEVERAGE ACQUISITION CORP I UNIT,10.25,0.49,10.25,10.25,10.25,202
SOCIETAL CDMO INC.,0.356,1.71,0.36,0.36,0.338,158341
SOCIETY PASS INC.,0.275,1.85,0.295,0.295,0.25,1549967
SOCKET MOBILE INC.,1.29,4.03,1.29,1.36,1.25,89871
